0,0.0431365510541,0.198747248565,0.0243380702659,-0.283114328269
1,0.0471114960254,0.00328676462945,0.0186757837005,0.0171442536531
2,0.047177231318,0.198135973271,0.0190186687736,-0.269588229209
3,0.0511399507834,0.00274785134705,0.0136269041894,0.0290321014741
4,0.0511949078103,0.197671759899,0.0142075462189,-0.259320428997
5,0.0551483430083,0.00234989585218,0.00902113763896,0.0378096757059
6,0.0551953409253,0.197341329273,0.00977733115308,-0.252013394576
7,0.0591421675108,0.00208113733396,0.00473706326157,0.0437373834043
8,0.0591837902575,0.197134841728,0.00561181092965,-0.247447199083
9,0.063126487092,0.00193319564949,0.000662866947994,0.0470005232713
10,0.063165151005,0.197045635545,0.00160287741342,-0.245473189406
11,0.0671060637159,0.00190082767185,-0.0033065863747,0.0477148921354
12,0.0671440802694,0.197070036351,-0.00235228853199,-0.246009455094
13,0.0710854809964,0.00198176036343,-0.00727247763387,0.0459305770917
14,0.0711251162037,0.197207235416,-0.00635386609204,-0.249037981148
15,0.075069260912,0.00217659714616,-0.011334625715,0.0416340469379
16,0.0751127928549,-0.19278099942,-0.0105019447762,0.330719348182
17,0.0712571728665,0.00248885758418,-0.0038875578126,0.0347431998766
18,0.0713069500182,0.197666341099,-0.00319269381507,-0.259163752212
19,0.0752602768402,0.00259011375728,-0.00837596885931,0.032510447062
20,0.0753120791153,-0.192410727067,-0.00772575991807,0.322538941823
21,0.071463864574,0.00282038170725,-0.00127498108161,0.027429667421
22,0.0715202722081,0.197960593855,-0.000726387733187,-0.265655257225
23,0.0754794840852,0.00284901761464,-0.00603949287769,0.0267984719488
24,0.0755364644375,0.198057056671,-0.00550352343871,-0.267783846534
25,0.0794976055709,0.00301407967745,-0.0108592003694,0.0231581605354
26,0.0795578871645,-0.191950470465,-0.0103960371587,0.312395200765
27,0.0757188777552,0.00331803045448,-0.0041481331434,0.0164518974849
28,0.0757852383643,-0.191744186652,-0.0038190951937,0.307823158173
29,0.0719503546312,0.00343197410081,0.00233736796976,0.013938240839
30,0.0720189941132,0.198520326621,0.00261613278654,-0.278006303017
31,0.0759894006457,0.00336115139667,-0.00294399327379,0.0155006002086
32,0.0760566236736,0.198525199086,-0.00263398126962,-0.278109735469
33,0.0800271276553,0.00344092311512,-0.00819617597899,0.0137412737896
34,0.0800959461176,-0.19156253122,-0.0079213505032,0.303826981734
35,0.0762646954932,0.00367140926272,-0.00184481086853,0.00865640614383
36,0.0763381236785,0.198819768978,-0.00167168274565,-0.284608009402
37,0.080314519058,0.00372169987775,-0.00736384293369,0.00754721084593
38,0.0803889530556,-0.191293873522,-0.00721289871678,0.297897689512
39,0.0765630755852,0.00393014999507,-0.00125494492653,0.0029486978991
40,0.0766416785851,-0.191173781024,-0.00119597096855,0.295235410267
41,0.0728182029646,0.00396520002663,0.00470873723679,0.00217553264661
42,0.0728975069651,0.199019305638,0.00475224788972,-0.28901801856
43,0.0768778930779,0.00382991107786,-0.00102811248148,0.00515992281001
44,0.0769544912994,0.198966591805,-0.000924914025281,-0.287847208601
45,0.0809338231355,0.00385784264632,-0.0066818581973,0.00454386527151
46,0.0810109799885,-0.191167646822,-0.00659098089187,0.295111117295
47,0.077187627052,0.00404764545912,-0.000688758545969,0.00035680476307
48,0.0772685799612,-0.191064421186,-0.000681622450707,0.292822340314
49,0.0734472915375,0.0040672418406,0.00517482435558,-7.54832148426e-05
50,0.0735286363743,0.199114597654,0.00517331469128,-0.291121208021
51,0.0775109283274,0.00391926484932,-0.00064910946914,0.00318882089245
52,0.0775893136244,0.199050519224,-0.000585333051291,-0.289698837177
53,0.0815703240089,0.00393691949991,-0.00637930979482,0.00279942436509
54,0.0816490623989,-0.191092964875,-0.00632332130752,0.293462793946
55,0.0778272031014,0.00411856720704,-0.000454065428607,-0.00120769421111
56,0.0779095744455,-0.190996869108,-0.00047821931283,0.291331934859
57,0.0740896370633,0.00413189761169,0.00534841938434,-0.00150177822458
58,0.0741722750156,0.199176737902,0.00531838381985,-0.292492426338
59,0.0781558097736,0.00397936259782,-0.00053146470691,0.00186309320118
60,0.0782353970256,-0.191134962611,-0.000494202842886,0.294378289064
61,0.0744126977734,0.00399403093008,0.0053933629384,0.0015395388664
62,0.074492578392,0.199038219813,0.00542415371573,-0.289436848315
63,0.0784733427882,0.00383934335167,-0.000364583250574,0.00495185248624
64,0.0785501296553,0.198966521322,-0.000265546200849,-0.28784608249
65,0.0825294600817,0.00384835796443,-0.00602246785064,0.004753081645
66,0.082606427241,-0.191186706874,-0.00592740621774,0.295529778616
67,0.0787826931035,0.0040192431481,-1.68106454226e-05,0.000983350138917
68,0.0788630779665,0.199141435453,2.85635735573e-06,-0.291704880607
69,0.0828459066755,0.0040194435062,-0.00583124125478,0.000978947081234
70,0.0829262955456,-0.191018395823,-0.00581166231315,0.291816356917
71,0.0791059276292,0.00418593601649,2.46648251887e-05,-0.00269381512642
72,0.0791896463495,-0.190936368924,-2.92114773397e-05,0.289996893654
73,0.075370918971,0.0041859988221,0.00577072639573,-0.00269524601472
74,0.0754546389475,0.199224716017,0.00571682147544,-0.293551866397
75,0.0794391332678,0.00402172641086,-0.000154215852497,0.000928569658912
76,0.079519567796,0.199145888972,-0.000135644459318,-0.291803010162
77,0.0835024855755,0.00402587208658,-0.00597170466257,0.000837133001793
78,0.0835830030172,-0.191009929277,-0.00595496200253,0.29162994791
79,0.0797628044317,0.00419642218592,-0.000122363044333,-0.0029251360374
80,0.0798467328754,-0.190923773956,-0.000180865765081,0.289719181249
81,0.0760282573963,0.00420075586533,0.0056135178599,-0.00302078322997
82,0.0761122725136,0.199241753059,0.0055531021953,-0.293927303911
83,0.0800971075748,0.00404107235027,-0.000325443882923,0.000501806273482
84,0.0801779290218,-0.191076210016,-0.000315407757453,0.293082033824
85,0.0763564048214,0.00405023675986,0.00554623291902,0.000299648339534
86,0.0764374095566,0.199092209522,0.00555222588581,-0.290628226976
87,0.0804192537471,0.0038915307211,-0.000260338653704,0.00380062414094
88,0.0804970843615,0.199017214606,-0.000184326170885,-0.288964431332
89,0.0844774286536,0.003897892363,-0.00596361479752,0.00366035516744
90,0.0845553865009,-0.191138026464,-0.00589040769417,0.29445573877
91,0.0807326259716,0.00406740602327,-1.29291877806e-06,-7.91000553686e-05
92,0.0808139740921,-0.191054526654,-2.87491988543e-06,0.292603418842
93,0.076992883559,0.00406746555594,0.00584919345695,-8.04146979814e-05
94,0.0770742328701,0.199105044444,0.00584758516299,-0.290912125349
95,0.081056333759,0.00390020341576,2.93426560067e-05,0.00360931028524
96,0.0811343378273,0.199021733807,0.000101528861712,-0.289064358434
97,0.0851147725034,0.00389833493859,-0.00567975830698,0.00365058784464
98,0.0851927392022,-0.191141701681,-0.00560674655008,0.294536083879
99,0.0813699051686,0.00405973328501,0.000283975127502,9.0158775621e-05
100,0.0814510998343,0.199177610735,0.000285778303015,-0.292503156911
101,0.085434652049,0.00405158605648,-0.00556428483521,0.000269886973878
102,0.0855156837701,-0.190990124969,-0.00555888709573,0.29119203317
103,0.0816958812707,0.00421064597231,0.000264953567664,-0.00323890368528
104,0.0817800941902,-0.190915104064,0.000200175493958,0.289527607444
105,0.0779617921089,0.00420399214474,0.00599072764283,-0.00309217941071
106,0.0780458719518,0.199239517515,0.00592888405462,-0.293878954394
107,0.0820306623021,0.00403354104783,5.13049667341e-05,0.000667945660354
108,0.0821113331231,0.199154756441,6.46638799412e-05,-0.291998793385
109,0.0860944282519,0.00403188328598,-0.00577531198775,0.000704526917306
110,0.0861750659176,-0.191006767356,-0.00576122144941,0.291559691585
111,0.0823549305705,0.00419685450771,6.99723822904e-05,-0.00293467160857
112,0.0824388676607,-0.190926100148,1.1278950119e-05,0.289770331538
113,0.0786203456577,0.00419569023734,0.00580668558089,-0.00290903800919
114,0.0787042594625,0.199233885827,0.0057485048207,-0.293754243275
115,0.082688937179,0.00403045038448,-0.000126580044799,0.000736123092315
116,0.0827695461867,0.199154216718,-0.000111857582953,-0.291986738597
117,0.086752630521,0.00403386057481,-0.00595159235488,0.000660907658176
118,0.0868333077325,-0.191002232628,-0.00593837420172,0.291460108308
119,0.08301326308,0.00420388572685,-0.000109172035552,-0.00308977813888
120,0.0830973407945,-0.190916499637,-0.00017096759833,0.289558701584
121,0.0792790108018,0.0042078891059,0.00562020643335,-0.00317814172606
122,0.0793631685839,0.199248789315,0.00555664359883,-0.294082539532
123,0.0833481443702,0.0040480591759,-0.000325007191811,0.000347680193658
124,0.0834291055537,-0.191069229457,-0.000318053587938,0.292928045573
125,0.0796077209646,0.00405725504611,0.00554050732352,0.00014482586869
126,0.0796888660655,0.199099310822,0.00554340384089,-0.29078486655
127,0.0836708522819,0.00389875690152,-0.00027229349011,0.00364121793799
128,0.08374882742,0.199024612146,-0.000199469131351,-0.289127608363
129,0.0877293196629,0.00390550590569,-0.00598202129861,0.00349240125039
130,0.087807429781,-0.19113014582,-0.0059121732736,0.29428194063
131,0.0839848268646,0.00407559387479,-2.65344609987e-05,-0.000259720357441
132,0.0840663387421,-0.191045976792,-3.17288681475e-05,0.292414834408
133,0.0802454192063,0.00407642680502,0.00581656782001,-0.000278099127261
134,0.0803269477424,0.199114478992,0.00581100583746,-0.291120167162
135,0.0843092373222,0.00391015410238,-1.13975057733e-05,0.0033898025735
136,0.0843874404042,0.199032268777,5.63985456967e-05,-0.289296720286
137,0.0883680857798,0.00390951337006,-0.00572953586002,0.00340399353123
138,0.0884462760472,-0.191129801301,-0.0056614559894,0.294273689222
139,0.0846236800212,0.00407240564504,0.00022401779505,-0.000189387900086
140,0.0847051281341,0.199191143405,0.000220230037048,-0.292801625965
141,0.0886889510022,0.00406605287765,-0.00563580248226,-4.92496414252e-05
142,0.0887702720597,-0.190974621115,-0.00563678747509,0.290850198001
143,0.0849507796374,0.00422724915223,0.000180216484929,-0.00360516248809
144,0.0850353246205,-0.190897286169,0.000108113235167,0.289134619388
145,0.0812173788971,0.00422312319897,0.00589080562292,-0.00351420766329
146,0.0813018413611,0.19926009845,0.00582052146965,-0.294332707648
147,0.08528704333,0.00405565014989,-6.61326833045e-05,0.000180228544907
148,0.085368156333,-0.191065352568,-6.25281124064e-05,0.292842288972
149,0.0815468492817,0.00405749010919,0.00579431766704,0.00013964226419
150,0.0816279990839,0.19909586506,0.00579711051233,-0.290709489133
151,0.0856099163851,0.00389173463172,-1.70792703273e-05,0.00379612737324
152,0.0856877510777,0.199013930789,5.88432771375e-05,-0.288892188125
153,0.0896680296935,0.00389114051098,-0.00571900048536,0.00380929670831
154,0.0897458525037,-0.19114832698,-0.00564281455119,0.294682336618
155,0.0859228859641,0.00405361589798,0.000250832181171,0.000225105236202
156,0.0860039582821,0.199171968919,0.000255334285895,-0.292378670427
157,0.0899873976604,0.00404637805795,-0.00559223912265,0.000384774602139
158,0.0900683252216,-0.190994927638,-0.00558454363061,0.291298048759
159,0.0862484266688,0.00420620468992,0.000241417344576,-0.00314093121502
160,0.0863325507626,-0.190919207973,0.000178598720275,0.289618155949
161,0.0825141666032,0.00420019603937,0.00597096183925,-0.0030084373785
162,0.082598170524,0.19923600823,0.00591079309168,-0.293801488211
163,0.0865828906886,0.00403028634877,3.47633274506e-05,0.000739742679231
164,0.0866634964156,0.199151738994,4.95581810352e-05,-0.291932215694
165,0.0906465311954,0.00402908119333,-0.00578908613284,0.000766340753318
166,0.0907271128193,-0.191009369648,-0.00577375931777,0.291617132894
167,0.0869069254263,0.00419442872028,5.85833401055e-05,-0.00288115995127
168,0.0869908140007,-0.190928362621,9.60141080055e-07,0.28982025006
169,0.0831722467483,0.00419357490777,0.00579736514228,-0.00286237395116
170,0.0832561182465,0.199231905698,0.00574011766325,-0.293710537999
171,0.0872407563605,0.00402858830593,-0.000134093096728,0.000777199619864
172,0.0873213281266,0.19915246236,-0.00011854910433,-0.2919480322
173,0.0913043773738,0.0040322016507,-0.00595750974833,0.000697503370536
174,0.0913850214068,-0.191003805688,-0.00594355968092,0.291494825237
175,0.087564945293,0.00420238560074,-0.000113663176174,-0.00305668609387
176,0.087648993005,-0.190917935339,-0.000174796898052,0.289590376452
177,0.0838306342982,0.00420650798608,0.00561701063098,-0.00314767435261
178,0.083914764458,0.199247454536,0.00555405714393,-0.294053086473
179,0.0878997135487,0.00404676076561,-0.000327004585535,0.00037632250162
180,0.087980648764,-0.191070499203,-0.000319478135502,0.29295605746
181,0.0841592387799,0.00405600559271,0.00553964301371,0.000172388632973
182,0.0842403588918,0.1990980739,0.00554309078636,-0.290757578087
183,0.0882223203698,0.00389752430768,-0.000272060775371,0.00366840838075
184,0.0883002708559,0.199023376216,-0.000198692607756,-0.289100344517
185,0.0922807383803,0.00390425890162,-0.0059806994981,0.00351991005125
186,0.0923588235583,-0.191131412006,-0.00591030129708,0.294309869119
187,0.0885361953182,0.00407430122335,-2.41039146977e-05,-0.000231205060002
188,0.0886176813426,-0.191047304302,-2.87280158978e-05,0.292444116593
189,0.0847967352566,0.00407505651006,0.00582015431596,-0.000247870541913
190,0.0848782363868,0.199113056669,0.00581519690512,-0.291088800019
191,0.0888604975202,0.00390867261679,-6.5790952669e-06,0.00342248347828
192,0.0889386709725,0.199030718189,6.18705742988e-05,-0.289262519128
193,0.0929192853363,0.00390788476065,-0.00572337980827,0.00343992040346
194,0.0929974430315,-0.191131519198,-0.0056545814002,0.294311570188
195,0.0891748126475,0.00407059073114,0.000231650003551,-0.000149351704868
196,0.0892562244622,0.199189218985,0.000228662969454,-0.292759181132
197,0.0932400088419,0.00406400827033,-0.00562652065318,-4.14579984165e-06
198,0.0933212890073,-0.190976800321,-0.00562660356918,0.290898247842
199,0.0895017530009,0.00422492622967,0.00019136138766,-0.0035539198465
200,0.0438189154261,-0.172433693497,-0.0312309696862,0.275326248454
201,0.0403702415561,0.0231196031467,-0.0257244447172,-0.0270410675461
202,0.0408326336191,-0.171624175461,-0.0262652660681,0.257415799709
203,0.0374001501099,0.0238627216342,-0.0211169500739,-0.0434345075891
204,0.0378774045425,-0.17095015496,-0.0219856402257,0.24251173377
205,0.0344584014434,0.0244788286388,-0.0171354055503,-0.0570241538467
206,0.0349479780161,-0.17039329192,-0.0182758886272,0.230203551267
207,0.0315401121777,0.0249849846582,-0.0136718176019,-0.0681877336674
208,0.0320398118709,-0.169938313343,-0.0150355722752,0.220150498513
209,0.028641045604,0.0253952956862,-0.010632562305,-0.0772370882797
210,0.0291489515178,-0.169572629679,-0.0121773040706,0.212072354461
211,0.0257574989242,0.0257212914548,-0.00793585698137,-0.084426846802
212,0.0262719247533,-0.169286009325,-0.00962439391741,0.205741776102
213,0.0228862045668,0.0259722404425,-0.00550955839538,-0.0899615618574
214,0.0234056493756,-0.16907030754,-0.00730878963253,0.200978017733
215,0.0200242432248,0.026155407613,-0.00328922927788,-0.094001498568
216,0.0205473513771,-0.168919245513,-0.00516925924923,0.19764186657
217,0.0171689664668,0.0262762604852,-0.00121642191783,-0.0966672359876
218,0.0176944916765,-0.168828235447,-0.00314976663758,0.195631663435
219,0.0143179269676,0.0263386284533,0.000762866631128,-0.0980432100841
220,0.0148446995366,-0.168794247922,-0.00119799757055,0.194880302077
221,0.0114688145782,0.0263448194384,0.00269960847098,-0.0981803001185
222,0.011995710967,-0.16881571847,0.000736002468612,0.195353123941
223,0.00861939659755,0.0262956970698,0.00464306494743,-0.0970975353944
224,0.00914531053895,-0.168892490941,0.00270111423954,0.197046646909
225,0.00576746072013,0.0261907207093,0.00664204717773,-0.0947829764477
226,0.00629127513432,-0.169025796009,0.00474638764877,0.199988086921
227,0.00291075921414,0.0260279497649,0.0087461493872,-0.0911938033601
228,0.00343131820943,-0.169218263874,0.00692227331999,0.204235650768
229,4.69529319583e-05,0.0258040129128,0.0110069863354,-0.0862556235481
230,0.000563033190213,-0.169473970904,0.00928187386439,0.209879597001
231,-0.00282644622787,0.0255140420419,0.0134794658044,-0.079860991647
232,-0.00231616538703,-0.169798520668,0.0118822459715,0.217044080126
233,-0.00571213580039,0.0251515699818,0.016223127574,-0.0718671145529
234,-0.00520910440076,-0.17019916037,0.0147857852829,0.225889811361
235,-0.00861308760815,0.0247083903693,0.0193035815102,-0.0620926949092
236,-0.00811891980077,0.219548329608,0.018061727612,-0.348623252798
237,-0.0037279532086,0.0241742077579,0.011089262556,-0.050300011607
238,-0.00324446905344,-0.171104982268,0.0100832623239,0.245860939622
239,-0.00666656869881,0.0238715141835,0.0150004811163,-0.0436245085284
240,-0.00618913841514,0.218775187927,0.0141279909458,-0.331537151596
241,-0.0018136346566,0.0234550150203,0.00749724791385,-0.0344326400367
242,-0.00134453435619,-0.171773642077,0.00680859511311,0.26060628572
243,-0.00478000719773,0.0232504565645,0.0120207208275,-0.0299213702266
244,-0.00431499806644,0.21819797908,0.011422293423,-0.318787520336
245,4.89615151602e-05,0.0229152263497,0.00504654301625,-0.0225244185163
246,0.000507266042155,-0.172278732218,0.00459605464593,0.271746468351
247,-0.0029383086022,0.0227773354183,0.0100309840129,-0.0194833075675
248,-0.00248276189383,0.217754005547,0.0096413178616,-0.308984539033
249,0.00187231821712,0.022496018318,0.00346162708093,-0.0132766672027
250,0.00232223858348,0.217568154694,0.00319609373687,-0.304865402297
251,0.00667360167735,0.022400802809,-0.00290121430906,-0.0111762197376
252,0.00712161773353,-0.172679421193,-0.00312473870381,0.280589928956
253,0.00366802930968,0.0224869636147,0.00248705987531,-0.0130768907377
254,0.00411776858197,-0.172670566794,0.00222552206056,0.28038969437
255,0.000664357246095,0.0224195672845,0.00783331594795,-0.0115904790988
256,0.00111274859179,0.217428307376,0.00760150636598,-0.301791643521
257,0.00546131473931,0.0221988444873,0.00156567349555,-0.00672108849103
258,0.00590529162906,-0.172945525673,0.00143125172573,0.286455415797
259,0.00244638111559,0.0221559846656,0.00716036004167,-0.00577576210165
260,0.0028895008089,0.217174517983,0.00704484479964,-0.296190935186
261,0.00723299116857,0.0219528486076,0.00112102609592,-0.00129453046826
262,0.00767204814072,0.217058704747,0.00109513548655,-0.293623549182
263,0.0120132222357,0.0219211569329,-0.00477733549709,-0.00059543321675
264,0.0124516453743,-0.173131955618,-0.00478924416143,0.290576365559
265,0.00898900626196,0.0220579572215,0.00102228314975,-0.00361317832468
266,0.00943016540639,0.217165232508,0.000950019583261,-0.295973387137
267,0.0137734700566,0.0220297507047,-0.00496944815948,-0.00299099080363
268,0.0142140650707,-0.173020580123,-0.00502926797555,0.288119881063
269,0.0107536534682,0.0221727283822,0.000733129645719,-0.00614497740712
270,0.0111971080358,-0.172959729284,0.000610230097576,0.28676917053
271,0.00773791345015,0.0221535139875,0.00634561350817,-0.00572123224848
272,0.0081809837299,0.217183887848,0.0062311888632,-0.29639530527
273,0.0125246614869,0.0219736632262,0.000303282757801,-0.00175369532301
274,0.0129641347514,-0.173152636197,0.000268208851341,0.291024905481
275,0.00950108202744,0.0219654896498,0.00608870696096,-0.0015734193615
276,0.00994039182044,0.216999593029,0.00605723857373,-0.292329082881
277,0.014280383681,0.0217918033269,0.000210656916113,0.00225804728872
278,0.0147162197476,0.216910732785,0.000255817861887,-0.290358407272
279,0.0190544344033,0.0217851347394,-0.00555135028356,0.00240519067011
280,0.0194901370981,-0.173256763857,-0.00550324647016,0.29333144195
281,0.0160250018209,0.0219432158463,0.000363382368837,-0.00108204008283
282,0.0164638661378,0.217059953747,0.00034174156718,-0.293650293196
283,0.0208050652128,0.0219331318704,-0.00553126429673,-0.000859605454034
284,0.0212437278502,-0.17310905792,-0.00554845640581,0.290073020362
285,0.0177815466918,0.0220915694781,0.000253004001417,-0.0043546515679
286,0.0182233780813,-0.17303400927,0.000165910970059,0.288408090363
287,0.0147626978959,0.022085575614,0.00593407277731,-0.00422250511046
288,0.0152044094082,0.217121923127,0.0058496226751,-0.295027268344
289,0.0195468478708,0.0219170671485,-5.09226917691e-05,-0.000505214755919
290,0.0199851892137,-0.173204153728,-6.10269868874e-05,0.292161644908
291,0.0165211061392,0.0219186675724,0.00578220591127,-0.000540528431795
292,0.0169594794906,0.216957218214,0.00577139534264,-0.291393504667
293,0.0212986238549,0.021753452426,-5.64747506969e-05,0.00310404830693
294,0.0217336929034,0.21687621353,5.60621544177e-06,-0.289596696459
295,0.026071217174,0.0217541823683,-0.00578632771374,0.00308799850624
296,0.0265063008214,-0.173284308536,-0.00572456774361,0.293939666373
297,0.0230406146506,0.0219187889658,0.000154225583841,-0.000543195914313
298,0.02347899043,0.217038528025,0.000143361665554,-0.293177458701
299,0.0278197609905,0.0219145331049,-0.00572018750847,-0.000449320998964
300,0.0282580516526,-0.17312491709,-0.00572917392845,0.290423342002
301,0.0247955533108,0.0220782568104,7.9292911587e-05,-0.00406098135307
302,0.025237118447,-0.173044831494,-1.92671547439e-06,0.2886469623
303,0.0217762218171,0.0220771472003,0.00577101253053,-0.00403657219587
304,0.0222177647611,0.217115860295,0.00569028108661,-0.294893101823
305,0.026560081967,0.0219132491179,-0.000207580949857,-0.000420991825647
306,0.0269983469494,-0.173205724472,-0.00021600078637,0.292196433455
307,0.0235342324599,0.0219193058567,0.00562792788272,-0.000554609441146
308,0.0239726185771,0.216960094043,0.0056168356939,-0.291456556441
309,0.0283118204579,0.0217585069757,-0.000212295434916,0.00299254639482
310,0.0287469905974,0.216883502177,-0.000152444507019,-0.289757354669
311,0.033084660641,0.0217637250796,-0.0059475916004,0.00287748889145
312,0.0335199351426,-0.17327242622,-0.00589004182257,0.293677959851
313,0.0300544866181,0.0219330037413,-1.64826255534e-05,-0.000856768252363
314,0.030493146693,-0.173188711089,-3.36179906006e-05,0.291820958062
315,0.0270293724712,0.0219337194521,0.00580280117064,-0.000872571274107
316,0.0274680468602,0.216971971345,0.00578534974516,-0.291719009589
317,0.0318074862871,0.0217680099757,-4.90304466176e-05,0.00278291566918
318,0.0322428464867,0.216890664329,6.62786676608e-06,-0.28991548046
319,0.0365806597732,0.0217686186002,-0.00579168174244,0.00276953671938
320,0.0370160321452,-0.17326979463,-0.00573629100805,0.293619504951
321,0.0335506362526,0.0219334691349,0.000136099090964,-0.000867033639548
322,0.0339893056353,-0.17319043368,0.000118758418173,0.291858831005
323,0.0305254969617,0.0219298240378,0.00595593503827,-0.000786638533196
324,0.0309640934425,0.216965854227,0.00594020226761,-0.291584460376
325,0.035303410527,0.0217597105397,0.000108513060094,0.00296599833379
326,0.0357386047378,0.216880105356,0.00016783302677,-0.289682689328
327,0.040076206845,0.0217557613078,-0.00562582075979,0.00305316553184
328,0.0405113220711,-0.173285057483,-0.00556475744915,0.293955781391
329,0.0370456209214,0.0219157874437,0.000314358178679,-0.000476982738368
330,0.0374839366703,0.217033228896,0.000304818523911,-0.293060709153
331,0.0418246012482,0.0219069330007,-0.00555639565915,-0.000281662262505
332,0.0422627399083,-0.173134892412,-0.0055620289044,0.290642987727
333,0.03880004206,0.0220659245592,0.000250830850141,-0.00378893673393
334,0.0392413605512,-0.17305962304,0.000175052115462,0.288973119726
335,0.0357801680904,0.0220598315,0.00595451450999,-0.00365459227738
336,0.0362213647204,0.217095882376,0.00588142266444,-0.294452865252
337,0.0405632823679,0.0218905764577,-7.63464059259e-06,7.91576554397e-05
338,0.0410010938971,0.217012637168,-6.05148748379e-06,-0.292606177986
339,0.0453413466405,0.021890772231,-0.00585817504721,7.48402769848e-05
340,0.0457791620851,-0.173146676357,-0.00585667824167,0.290903699557
341,0.0423162285579,0.0220582928277,-3.86042505211e-05,-0.00362058604587
342,0.0427573944145,-0.17306310473,-0.000111015971438,0.289050160422
343,0.0392961323199,0.0220604293963,0.00566998723701,-0.00366777765843
344,0.0397373409078,0.217100607721,0.00559663168384,-0.294556375118
345,0.0440793530622,0.0218993153984,-0.000294495818523,-0.000113621109811
346,0.0445173393702,-0.173218411082,-0.000296768240719,0.29247637415
347,0.0410529711486,0.0219077702035,0.00555275924228,-0.000300134751078
348,0.0414911265526,0.216949648341,0.00554675654726,-0.291225938826
349,0.0458301195195,0.0217490485375,-0.000277762229262,0.00320119472245
350,0.0462651004902,0.216874982169,-0.000213738334813,-0.289569356529
351,0.0506026001336,0.0217560794376,-0.00600512546539,0.00304615181344
352,0.0510377217223,-0.173279236996,-0.00594420242912,0.29382835525
353,0.0475721369824,0.0219269554271,-6.76353241243e-05,-0.000723345628089
354,0.048010676091,-0.173194025738,-8.21022366861e-05,0.291938240664
355,0.0445467955762,0.0219290960251,0.0057566625766,-0.00077057905097
356,0.0449853774967,0.216968017178,0.00574125099558,-0.291631663773
357,0.0493247378403,0.0217646769984,-9.13822798888e-05,0.00285643931473
358,0.0497600313802,0.216887938654,-3.42534935942e-05,-0.289855318336
359,0.0540977901533,0.0217664758884,-0.00583135986032,0.00281680511275
360,0.0545331196711,-0.17327136176,-0.00577502375806,0.293654177355
361,0.0510676924359,0.0219324477106,9.80597890441e-05,-0.000844501743853
362,0.0515063413901,-0.173190909692,8.11697541671e-05,0.291869362531
363,0.0480425231962,0.021929884086,0.0059185570048,-0.000787963264316
364,0.048481120878,0.216966456626,0.00590279773951,-0.29159765249
365,0.0528204500105,0.0217608399495,7.08446897021e-05,0.00294108383168
366,0.0532556668095,0.216881775081,0.000129666366336,-0.289719489793
367,0.0575933023111,0.021757975115,-0.00566472342952,0.00300432960784
368,0.0580284618134,-0.173282279522,-0.00560463683737,0.293894597797
369,0.054562816223,0.0219191277695,0.000273255118567,-0.000550669013488
370,0.0550011987784,0.217037159045,0.000262241738297,-0.293147367996
371,0.0593419419593,0.0219114698634,-0.00560070562162,-0.000381745217639
372,0.0597801713565,-0.173129713066,-0.00560834052598,0.290528841819
373,0.0563175770952,0.0220717571965,0.000202236310399,-0.00391760223274
374,0.0567590122391,-0.173053093801,0.000123884265744,0.288829125752
375,0.0532979503631,0.0220670906007,0.00590046678079,-0.00381472662973
376,0.0537392921751,0.217103925694,0.0058241722482,-0.294630159386
377,0.058081370689,0.021899426951,-6.84309395314e-05,-0.000116080444122
378,0.058519359228,-0.173221542802,-7.07525484139e-05,0.292545254804
379,0.055054928372,0.0219014171338,0.00578015254766,-0.000159985616407
380,0.0554929567147,0.216939997558,0.00577695283533,-0.291013613678
381,0.0598317566658,0.0217361522039,-4.33194382213e-05,0.00348568312416
382,0.0602664797099,0.21685872466,2.63942242619e-05,-0.289210911201
383,0.0646036542031,0.0217363970727,-0.00575782399975,0.0034803399807
384,0.0650383821446,-0.173302507298,-0.00568821720014,0.294341056122
385,0.0615723319986,0.0219000765976,0.000198603922312,-0.000130409619014
386,0.0620103335306,0.217019178983,0.000195995729931,-0.292750667872
387,0.0663507171102,0.0218944338343,-0.00565901762752,-5.93302663254e-06
388,0.0667886057869,-0.173145903499,-0.00565913628805,0.290886146135
389,0.0633256877169,0.022056281696,0.000158586634647,-0.00357622022556
390,0.0637668133508,-0.173067943527,8.70622301354e-05,0.289156738399
391,0.0603054544803,0.0220527660865,0.00587019699811,-0.0034987286166
392,0.060746509802,0.217090040332,0.00580022242578,-0.294323771371
393,0.0650883106087,0.0218858780151,-8.62530016394e-05,0.000182802571447
394,0.065526028169,-0.173234836104,-8.25969502104e-05,0.292838514279
395,0.0620613314469,0.021888292669,0.00577417333537,0.000129538614468
396,0.0624990973003,0.216926959824,0.00577676410766,-0.290725987505
397,0.0668376364968,0.0217231161864,-3.77556424493e-05,0.00377325155573
398,0.0672720988205,0.216845608856,3.77093886653e-05,-0.288921587399
399,0.0716090109976,0.0217231199202,-0.00574072235932,0.00377323235691
400,0.00231405878983,0.186131256647,-0.0103993991321,-0.291489827845
401,0.00603668392277,-0.0088408819511,-0.016229195689,-0.00210480235436
402,0.00585986628375,-0.203726368148,-0.0162712917361,0.285413756007
403,0.00178533892078,-0.00837618112008,-0.010563016616,-0.0123562841326
404,0.00161781529838,-0.20334506436,-0.0108101422987,0.276975256166
405,-0.00244908598882,-0.00807057068177,-0.00527063717533,-0.0190974897423
406,-0.00261049740246,-0.203116540069,-0.00565258697018,0.271917840466
407,-0.00667282820384,-0.00791438832379,-0.000214230160859,-0.0225425610972
408,-0.00683111597031,-0.20303326662,-0.000665081382804,0.270072765965
409,-0.0108917813027,-0.00790183080632,0.00473637393649,-0.0228198569337
410,-0.0110498179188,-0.203091384744,0.00427997679781,0.27135367866
411,-0.0151116456137,-0.00803076789581,0.00970705037102,-0.0199762574101
412,-0.0152722609716,0.186950638254,0.00930752522282,-0.309580759394
413,-0.0115332482066,-0.00830268089003,0.00311591003495,-0.0139770937789
414,-0.0116993018244,-0.203469179289,0.00283636815937,0.27968730875
415,-0.0157686854101,-0.0083878038943,0.00843011433438,-0.0120996861518
416,-0.015936441488,0.186612240102,0.00818812061134,-0.302110934424
417,-0.012204196686,-0.00862544863158,0.00214590192286,-0.00685693803809
418,-0.0123767056586,0.186465661672,0.0020087631621,-0.298862035033
419,-0.00864739242517,-0.00868486541077,-0.00396847753855,-0.00554625902843
420,-0.00882108973338,-0.203749678789,-0.00407940271912,0.285881927679
421,-0.0128960833092,-0.00856978654859,0.00163823583446,-0.00808481568997
422,-0.0130674790401,-0.203715193999,0.00147653952066,0.285114543805
423,-0.0171417829201,-0.00861433250867,0.00717883039675,-0.00710232695482
424,-0.0173140695703,0.186403932286,0.00703678385765,-0.297511628383
425,-0.0135859909246,-0.00881761842385,0.00108655128999,-0.00261775489758
426,-0.013762343293,0.186288733225,0.00103419619204,-0.294957663599
427,-0.0100365686285,-0.00884794681833,-0.00486495707995,-0.00194874644025
428,-0.0102135275649,-0.203899790766,-0.00490393200875,0.289195265412
429,-0.0142915233802,-0.00870825470907,0.000879973299492,-0.00503026835793
430,-0.0144656884744,-0.203842814949,0.000779367932333,0.287930170791
431,-0.0185425447734,-0.00873198663662,0.00653797134816,-0.00450684864347
432,-0.0187171845061,0.186295593331,0.00644783437529,-0.295119816384
433,-0.0149912726395,-0.00891768499007,0.000545438047615,-0.000410335641034
434,-0.0151696263393,0.186196439604,0.000537231334794,-0.292921120219
435,-0.0114456975472,-0.00893316720515,-0.00532119106958,-6.88062386599e-05
436,-0.0116243608913,-0.203978402101,-0.00532256719435,0.290930481282
437,-0.0157039289333,-0.00878096305717,0.00049604243129,-0.00342635724233
438,-0.0158795481945,-0.203910024731,0.000427515286444,0.289413035728
439,-0.0199577486891,-0.00879417237974,0.00621577600099,-0.00313502656318
440,-0.0201336321367,0.186238086519,0.00615307546973,-0.293850337122
441,-0.0164088704063,-0.0089710474608,0.000276068727288,0.000766813625908
442,-0.0165882913555,0.186146943441,0.000291404999806,-0.29182899737
443,-0.0128653524867,-0.00897916152763,-0.00554517494759,0.000945820725591
444,-0.0130449357173,-0.204021149633,-0.00552625853307,0.291874031812
445,-0.0171253587099,-0.0088208408826,0.000311222103156,-0.00254667207026
446,-0.0173017755276,-0.203947254097,0.000260288661751,0.290234432874
447,-0.0213807206095,-0.00882901537435,0.00606497731923,-0.00236639043047
448,-0.021557300917,0.186205432431,0.00601764951062,-0.293129589151
449,-0.0178331922684,-0.00900179692626,0.0001550577276,0.00144513153005
450,-0.0180132282069,0.186117930196,0.000183960358201,-0.291188868663
451,-0.014290869603,-0.00900664358368,-0.00563981701505,0.00155207139889
452,-0.0144710024747,-0.204047259373,-0.00560877558707,0.292450244862
453,-0.0185519476621,-0.00884578910702,0.000240229310169,-0.00199632638708
454,-0.0187288634443,-0.203971184741,0.000200302782427,0.290762386035
455,-0.0228082871391,-0.0088520902085,0.00601555050314,-0.00185736087493
456,-0.0229853289433,0.186183074904,0.00597840328564,-0.292636254097
457,-0.0192616674452,-0.00902360334666,0.000125678203702,0.00192617068392
458,-0.0194421395121,0.186096545238,0.00016420161738,-0.290717100491
459,-0.0157202086074,-0.00902774694829,-0.00565014039243,0.00201760911917
460,-0.0159007635463,-0.204068213041,-0.00560978821005,0.292912505967
461,-0.0199821278072,-0.0088667299811,0.000248461909302,-0.00153438051561
462,-0.0201594624068,-0.203992243626,0.000217774298989,0.291226928718
463,-0.0242393072793,-0.00887339826587,0.00604231287335,-0.00138730673854
464,-0.0244167752446,0.18616137845,0.00601456673858,-0.29215770218
465,-0.0206935476756,-0.00904581082495,0.000171412694982,0.00241605749118
466,-0.0208744638921,0.186073681667,0.000219733844806,-0.290212781615
467,-0.0171529902588,-0.00905140211239,-0.0055845217875,0.00253943873815
468,-0.017334018301,-0.204092819744,-0.00553373301273,0.293455162275
469,-0.0214158746959,-0.00889241060323,0.000335370232769,-0.000967877549983
470,-0.021593722908,0.186224729311,0.000316012681769,-0.293544972116
471,-0.0178692283217,-0.00890172600023,-0.00555488676055,-0.000762396036516
472,-0.0180472628418,-0.203943573293,-0.00557013468128,0.290162732835
473,-0.0221261343076,-0.00874264052196,0.000233119975419,-0.00427173517475
474,-0.0223009871181,-0.203867934243,0.000147685271924,0.288484734726
475,-0.0263783458029,-0.00874808936657,0.00591737996644,-0.00415160992713
476,-0.0265533075902,0.186288500347,0.0058343477679,-0.294961672995
477,-0.0228275375833,-0.00891614064812,-6.48856919977e-05,-0.000444406492709
478,-0.0230058603963,-0.204037161252,-7.37738218519e-05,0.292218047403
479,-0.0270866036213,-0.00891415823139,0.00577058712621,-0.000488145834482
480,-0.0272648867859,0.186124560944,0.00576082420952,-0.291344810367
481,-0.023542395567,-0.00907905602499,-6.60719978187e-05,0.00314942936851
482,-0.0237239766875,0.186043842701,-3.08341044854e-06,-0.289554343249
483,-0.0200030998335,-0.00907806455028,-0.00579417027542,0.00312761110389
484,-0.0201846611245,-0.204116441694,-0.00573161805334,0.293976789373
485,-0.0242669899584,-0.00891324495728,0.000147917734115,-0.000508282696492
486,-0.0244452548576,0.186206584593,0.000137752080185,-0.293144536007
487,-0.0207211231657,-0.00891733037301,-0.00572513863995,-0.000418167222872
488,-0.0208994697732,-0.203956708757,-0.0057335019844,0.290452924166
489,-0.0249786039483,-0.00875347395143,7.55564989138e-05,-0.00403275571027
490,-0.0251536734273,-0.203876508679,-5.09861529159e-06,0.288674009156
491,-0.0292312036009,-0.00875448475277,0.00576838156783,-0.00401052572213
492,-0.029406293296,0.186284266504,0.00568817105339,-0.294867890522
493,-0.0256806079659,-0.00891831501938,-0.000209186757042,-0.000396441829824
494,-0.0258589742663,-0.20403726557,-0.000217115593639,0.292220476686
495,-0.0299397195777,-0.00891221935622,0.00562729394009,-0.000530917719857
496,-0.0301179639648,0.186128578023,0.00561667558569,-0.291433065928
497,-0.0263953924043,-0.00907300686237,-0.000211985732873,0.0030159868265
498,-0.0265768525416,0.186051983899,-0.000151665996343,-0.289733816544
499,-0.0228558128636,-0.00906780430077,-0.00594634232723,0.00290127258655
500,-0.0230371689496,-0.204103973728,-0.0058883168755,0.293702140191
501,-0.0271192484242,-0.00889856814974,-1.42740716904e-05,-0.00083204718791
502,-0.0272972197872,-0.204020314655,-3.09150154486e-05,0.291846375964
503,-0.0313776260803,-0.00889792265178,0.00580601250382,-0.000846300916408
504,-0.0315555845333,0.186140282657,0.00578908648549,-0.291691719787
505,-0.0278327788802,-0.00906373146099,-4.47479102376e-05,0.00281137684412
506,-0.0280140535094,0.18605886148,1.14796266448e-05,-0.28988566816
507,-0.0242928762798,-0.00906325343102,-0.00578623373656,0.00280087919755
508,-0.0244741413484,-0.204101745689,-0.00573021615261,0.293652576882
509,-0.0285561762622,-0.00889856764346,0.000142835385042,-0.00083205735095
510,-0.0287341476151,-0.20402256704,0.000126194238023,0.291895932361
511,-0.0328145989559,-0.00890241536798,0.00596411288525,-0.000747191710449
512,-0.0329926472632,0.186133496157,0.00594916905104,-0.291542417055
513,-0.0292699773401,-0.00907277399446,0.000118320709937,0.00301085192557
514,-0.02945143282,0.186047480134,0.000178537748448,-0.28963474093
515,-0.0257304832173,-0.00907701651091,-0.00561415707015,0.00310448947058
516,-0.0259120235475,-0.204118004438,-0.00555206728074,0.294010807278
517,-0.0299943836363,-0.00891733858542,0.000328148864821,-0.000417978045683
518,-0.030172730408,0.186199904962,0.000319789303907,-0.292997351845
519,-0.0264487323087,-0.00892660426001,-0.00554015773299,-0.000213584923603
520,-0.026627264394,-0.203968665104,-0.00554442943146,0.290716218443
521,-0.030706637696,-0.00876809650772,0.000269894937401,-0.00371018791375
522,-0.0308819996262,-0.203893917372,0.000195691179126,0.289057881833
523,-0.0349598779736,-0.00877475724474,0.00597684881578,-0.00356331954742
524,-0.0351353731185,0.186260969542,0.00590558242483,-0.294354501248
525,-0.0314101537277,-0.00894467706045,1.84923998755e-05,0.000185093831323
526,-0.0315890472689,0.186177008946,2.21942765019e-05,-0.292491998363
527,-0.02786550709,-0.00894525871233,-0.00582764569076,0.000197928169964
528,-0.0280444122642,-0.203983150196,-0.00582368712736,0.291036479447
529,-0.0321240752681,-0.0087786463305,-2.95753842161e-06,-0.00347746538406
530,-0.0322996481948,-0.203900555134,-7.25068461029e-05,0.289204528304
531,-0.0363776592974,-0.00877757005227,0.00571158371998,-0.00350126556237
532,-0.0365532106985,0.186262004996,0.00564155840874,-0.2943766597
533,-0.0328279705986,-0.00893992116819,-0.000245974785266,8.01793867245e-05
534,-0.0330067690219,-0.204058343886,-0.000244371197531,0.292685488023
535,-0.0370879358997,-0.00893290930173,0.00560933856292,-7.45002452208e-05
536,-0.0372665940857,0.186108148444,0.00560784855802,-0.290982347309
537,-0.0335444311168,-0.00909331343905,-0.000211798388162,0.00346394034623
538,-0.0337262973856,0.186031674636,-0.000142519581238,-0.289285803928
539,-0.0300056638929,-0.00908824398996,-0.00592823565979,0.00335217028253
540,-0.0301874287727,-0.204124676159,-0.00586119225414,0.294158786709
541,-0.0342699222958,-0.0089196542598,2.19834800429e-05,-0.000366897318092
542,-0.034448315381,-0.204041920748,1.4645533681e-05,0.292322965486
543,-0.038529153796,-0.00892017834864,0.0058611048434,-0.000355342294127
544,-0.038707557363,0.186117227735,0.00585399799752,-0.291183271452
545,-0.0349852128083,-0.0090877027535,3.03325684792e-05,0.00334017272554
546,-0.0351669668633,0.18603381344,9.713602299e-05,-0.289333183655
547,-0.0314462905945,-0.00908952278445,-0.0056895276501,0.00338037729164
548,-0.0316280810502,-0.204129417711,-0.00562192010427,0.294262772403
549,-0.0357106694044,-0.00892776798352,0.000263335343786,-0.000187910849484
550,-0.0358892247641,0.186190405632,0.000259577126796,-0.292787740535
551,-0.0321654166515,-0.00893524563183,-0.0055961776839,-2.29578252103e-05
552,-0.0323441215641,-0.203976494217,-0.0055966368404,0.290889066302
553,-0.0364236514484,-0.00877519009833,0.000221144485646,-0.00355370690662
554,-0.0365991552504,-0.203900312152,0.000150070347514,0.289198985496
555,-0.0406771614935,-0.00878050123756,0.00593405005743,-0.00343660689872
556,-0.0408527715182,0.18625584657,0.00586531791945,-0.294241377293
557,-0.0371276545868,-0.008949233176,-1.95096264078e-05,0.000285599344255
558,-0.0373066392503,0.186172997835,-1.37976395227e-05,-0.292403482946
559,-0.0335831792936,-0.0089487566547,-0.00586186729845,0.00027509225397
560,-0.0337621544267,-0.203986151677,-0.00585636545337,0.291102779354
561,-0.0378418774603,-0.00878118756171,-3.43098662842e-05,-0.00342140722339
562,-0.0380175012115,-0.203902646711,-0.000102738010752,0.289250694228
563,-0.0420955541457,-0.00877923061491,0.0056822758738,-0.00346463334698
564,-0.042271138758,0.186260769486,0.00561298320686,-0.294349330267
565,-0.0385459233683,-0.00894075399197,-0.000274003398486,9.85509060608e-05
566,-0.0387247384481,-0.20405877453,-0.000272032380365,0.292695013728
567,-0.0428059139387,-0.00893294576159,0.0055818678942,-7.36961135593e-05
568,-0.042984572854,0.186108510316,0.00558039397193,-0.290990261886
569,-0.0392624026477,-0.00909256448415,-0.000239411265793,0.00344741860064
570,-0.0394442539373,0.186032819422,-0.00017046289378,-0.289311035782
571,-0.0357235975489,-0.00908670061523,-0.00595668360942,0.0033181239311
572,-0.0359053315612,-0.204122720003,-0.0058903211308,0.294115708191
573,-0.0399877859613,-0.0089172875855,-8.00696697841e-06,-0.00041910522999
574,-0.040166131713,-0.204039123972,-1.63890715782e-05,0.292261295293
575,-0.0442469141924,-0.00891693907929,0.00582883683428,-0.000426800394726
576,-0.044425252974,0.186120935126,0.00582030082638,-0.291264973532
577,-0.0407028342715,-0.00908352026638,-4.99864426513e-06,0.00324790880627
578,-0.0408845046768,0.186038502641,5.99595318603e-05,-0.289436595152
579,-0.037163734624,-0.00908430353451,-0.00572877237118,0.00326524168694
580,-0.0373454206947,-0.204123629274,-0.00566346753744,0.294135179722
581,-0.0414278932802,-0.00892139352637,0.000219236057002,-0.000328528652515
582,-0.0416063211507,0.186197412841,0.000212665483952,-0.29294227577
583,-0.0378823728939,-0.00892756986199,-0.00564618003145,-0.000192284681951
584,-0.0380609242911,-0.203968093365,-0.00565002572508,0.290703869151
585,-0.0421402861584,-0.00876603601156,0.000164051657944,-0.00375564207025
586,-0.0423156068786,-0.203890339585,8.89388165391e-05,0.288979040539
587,-0.0463934136704,-0.00876965674555,0.00586851962732,-0.00367583455099
588,-0.0465688068053,0.186267641843,0.0057950029363,-0.294501409837
589,-0.0428434539684,-0.00893644633869,-9.50252604367e-05,3.52725981523e-06
590,-0.0430221828952,-0.204057034628,-9.49547152404e-05,0.292656470946
591,-0.0471033235877,-0.00893372968196,0.00575817470368,-5.64018399999e-05
592,-0.0472819981814,0.186105169534,0.00575704666688,-0.290917006553
593,-0.0435598947907,-0.00909839559624,-6.12934641917e-05,0.0035760512165
594,-0.0437418627026,0.186024434607,1.02275601383e-05,-0.289126213817
595,-0.0400213740105,-0.00909766245525,-0.0057722967162,0.00355993866372
596,-0.0402033272596,-0.204136356903,-0.00570109794292,0.294416060607
597,-0.0442860543976,-0.00893359171999,0.000187223269224,-5.94424590655e-05
598,-0.044464726232,0.186185673943,0.000186034420043,-0.292683292184
599,-0.0407410127532,-0.00893892924001,-0.00566763142363,5.83016457744e-05
600,0.0408755386644,-0.168986958035,-0.0117791199513,0.264001031564
601,0.0374957995037,0.0263011239295,-0.00649909932,-0.0323737509777
602,0.0380218219822,-0.168727027218,-0.00714657433955,0.258251575774
603,0.0346472814379,0.0264962182889,-0.00198154282407,-0.0366768894342
604,0.0351772058037,-0.16859726133,-0.00271508061275,0.255380182258
605,0.0318052605771,0.0265633499039,0.0023925230324,-0.0381578883198
606,0.0323365275751,-0.168592828328,0.00162936526601,0.2552789423
607,0.0289646710086,0.0265058211428,0.006734944112,-0.0368896102654
608,0.0294947874314,-0.168712059253,0.00599715190669,0.257910627719
609,0.0261205462464,0.0263237620205,0.0111553644611,-0.0328746911471
610,0.0266470214868,0.221283978881,0.0104978706381,-0.322017211545
611,0.0310727010644,0.0260141204623,0.00405752640723,-0.0260422463171
612,0.0315929834737,-0.169165783179,0.00353668148089,0.267918108627
613,0.0282096678101,0.0259055164129,0.00889504365342,-0.0236472285938
614,0.0287277781383,0.220898782406,0.00842209908155,-0.313510448148
615,0.0331457537865,0.0256578725724,0.00215189011858,-0.0181834020629
616,0.0336589112379,-0.169494872988,0.00178822207732,0.275177693725
617,0.0302690137782,0.0256015190221,0.00729177595182,-0.01694068938
618,0.0307810441586,0.220618142556,0.00695296216422,-0.307314084807
619,0.0351934070097,0.0253978100776,0.000806680468069,-0.0124465099085
620,0.0357013632113,-0.169735700702,0.000557750269899,0.280490825058
621,0.0323066491972,0.0253782899334,0.00616756677106,-0.0120161368016
622,0.0328142149959,0.220411249497,0.00592724403503,-0.302746758903
623,0.0372224399858,0.0252053267268,-0.000127691143027,-0.00820041870334
624,0.0377265465204,-0.16991479299,-0.000291699517094,0.284442217291
625,0.0343282506605,0.0252113173869,0.00539714482872,-0.00833269548005
626,0.0348324770083,0.220255451806,0.00523049091912,-0.299307883138
627,0.0392375860444,0.0250593369462,-0.000755666743643,-0.00497995865662
628,0.0397387727833,-0.170051768776,-0.000855265916775,0.287464450365
629,0.0363377374078,0.025082368806,0.00489402309052,-0.00548809710521
630,0.0368393847839,0.220133792003,0.00478426114842,-0.296622891038
631,0.041242060624,0.0249439661043,-0.00114819667234,-0.00243493556916
632,0.0417409399461,-0.170161499495,-0.00119689538372,0.289885500168
633,0.0383377099562,0.0249774983586,0.00460081461965,-0.00317467410965
634,0.0388372599234,0.220033166032,0.00453732113745,-0.294402444269
635,0.043237923244,0.0248468215736,-0.00135072774792,-0.000291973506497
636,0.0437348596755,-0.170255732211,-0.00135656721805,0.291964476365
637,0.0403297450312,0.0248855350492,0.00448272230925,-0.00114598582998
638,0.0408274557322,0.219942911537,0.00445980259265,-0.292411194892
639,0.045226313963,0.0247576571617,-0.00138842130519,0.0016749526385
640,0.0457214671062,-0.170344354574,-0.00135492225242,0.293919492434
641,0.0423145800147,0.0247968877814,0.00452346759627,0.000809550562688
642,0.0428105177703,0.219853674706,0.00453965860752,-0.290442741488
643,0.0472075912645,0.024667286971,-0.00126919622224,0.0036684782925
644,0.0477009370039,-0.170436439157,-0.00119582665639,0.295950688182
645,0.0442922082207,0.024702539348,0.00472318710725,0.00289085675788
646,0.0447862590077,0.219756435809,0.00478100424241,-0.288298112573
647,0.0491813877239,0.0245666331796,-0.000984958009053,0.00588885503257
648,0.0496727203875,0.219702696244,-0.000867180908401,-0.28710467519
649,0.0540667743123,0.0245931226598,-0.00660927441219,0.00530462398938
650,0.0545586367655,-0.170433421484,-0.0065031819324,0.295894938261
651,0.0511499683359,0.0247806326852,-0.000585283167184,0.00116812687708
652,0.0516455809896,-0.170332919829,-0.000561920629643,0.29366633228
653,0.048238922593,0.0247970383664,0.00531140601595,0.000806236539531
654,0.0487348633603,0.219842415074,0.00532753074674,-0.290196155681
655,0.0531317116618,0.0246449037967,-0.000476392366877,0.00416224271741
656,0.0536246097377,0.219773683931,-0.000393147512528,-0.288670953621
657,0.0580200834163,0.0246573412655,-0.00616656658494,0.00388795239266
658,0.0585132302416,-0.170375632039,-0.00608880753709,0.294618890959
659,0.0551057176009,0.0248325942812,-0.000196429717905,2.18809073234e-05
660,0.0556023694865,-0.170286539298,-0.000195992099759,0.292642825293
661,0.0521966387005,0.0248382058113,0.0056568644061,-0.00010190842643
662,0.0526934028167,0.219878574371,0.00565482623757,-0.290994671027
663,0.0570909743042,0.0246764502801,-0.000165067182979,0.00346634368228
664,0.0575845033098,0.219800768414,-9.57403093337e-05,-0.289268659282
665,0.061980518678,0.0246801825653,-0.00588111349498,0.0033840704981
666,0.0624741223293,-0.170356933298,-0.00581343208501,0.294205647523
667,0.0590669836634,0.0248474155384,7.06808654501e-05,-0.000305067307717
668,0.0595639319741,-0.170275549277,6.45795192957e-05,0.292400159358
669,0.0561584209886,0.0248454811051,0.00591258270646,-0.000262399225427
670,0.0566553306107,0.219882140325,0.00590733472196,-0.291073985221
671,0.0610529734172,0.024676457969,8.58550175441e-05,0.0034661756233
672,0.0615465025766,0.219797177798,0.00015517853001,-0.289189661666
673,0.0659424461325,0.024673014096,-0.00562861470331,0.00354220285031
674,0.0664359064145,-0.170367764198,-0.0055577706463,0.294443931958
675,0.0630285511305,0.0248329806765,0.000331107992866,1.33606172482e-05
676,0.063525210744,0.219950181758,0.000331375205211,-0.292565079213
677,0.0679242143792,0.0248235073733,-0.00551992637906,0.000222340602056
678,0.0684206845267,-0.170218846793,-0.00551547956702,0.291158564604
679,0.0650163075908,0.0249813122214,0.000307691725065,-0.00325876313357
680,0.0655159338352,-0.170145050393,0.000242516462394,0.289521228298
681,0.0621130328274,0.024973441779,0.00603294102835,-0.0030852015132
682,0.062612501663,0.22000835455,0.00597123699809,-0.29385857286
683,0.067012668754,0.0248017814215,9.40655408991e-05,0.000701599927494
684,0.0675087043824,0.219922383477,0.000108097539449,-0.291951646592
685,0.0719071520519,0.0247988911367,-0.0057309353924,0.00076537088506
686,0.0724031298747,-0.170240403174,-0.00571562797469,0.291634622234
687,0.0689983218112,0.0249625758683,0.000117064469987,-0.00284544909001
688,0.0694975733286,-0.17016105403,6.01554881866e-05,0.289874410707
689,0.0660943522479,0.0249600393511,0.00585764370232,-0.00278954312253
690,0.066593553035,0.219997495692,0.00580185283987,-0.293618571156
691,0.0709935029488,0.0247933080551,-7.05185832417e-05,0.000888517329965
692,0.0714893691099,0.219916270543,-5.27482366424e-05,-0.291816658138
693,0.0758876945208,0.024795071468,-0.0058890813994,0.00084963208611
694,0.0763835959501,-0.170241928732,-0.00587208875768,0.291668679378
695,0.0729787573755,0.024963255039,-3.87151701241e-05,-0.00286043225195
696,0.0734780224763,-0.170158140927,-9.5923815163e-05,0.289810279218
697,0.0700748596577,0.0249651779887,0.0057002817692,-0.00290289941085
698,0.0705741632175,0.220004916931,0.00564222378098,-0.293781880973
699,0.0749742615561,0.0248029794636,-0.000233413838473,0.000675169586967
700,0.0754703211454,-0.170315623482,-0.000219910446733,0.293284442365
701,0.0720640086758,0.0248094624299,0.00564577840057,0.000532166903257
702,0.0725601979244,0.219849991758,0.00565642173863,-0.290364114409
703,0.0769571977595,0.0246478431537,-0.000150860549557,0.00409740349784
704,0.0774501546226,0.219771957607,-6.89124795999e-05,-0.288633117853
705,0.0818455937747,0.02465098916,-0.00584157483665,0.00402807385379
706,0.0823386135579,-0.170386700346,-0.00576101335958,0.294862203294
707,0.078930879551,0.0248169076994,0.000136230706301,0.000367921652814
708,0.079427217705,0.219936904906,0.000143589139357,-0.292272019614
709,0.0838259558031,0.0248129066694,-0.00570185125292,0.000456189930737
710,0.0843222139365,-0.170226809465,-0.00569272745431,0.291334673242
711,0.0809176777472,0.024975847775,0.000133966010535,-0.00313822099159
712,0.0814171947027,-0.170148024456,7.12015907034e-05,0.289586970735
713,0.0780142342136,0.0249729113819,0.0058629410054,-0.00307349901181
714,0.0785136924412,0.220010290881,0.00580147102517,-0.293900845321
715,0.0829138982588,0.0248061095624,-7.65458812602e-05,0.000606122083408
716,0.0834100204501,0.219929158478,-6.4423439592e-05,-0.292100954922
717,0.0878086036196,0.0248081258816,-0.00590644253803,0.000561652874412
718,0.0883047661373,-0.170228622428,-0.00589520948054,0.291375188295
719,0.0849001936887,0.024976888084,-6.77057146376e-05,-0.00316117098004
720,0.0853997314504,-0.170144092072,-0.000130929134238,0.289500393103
721,0.081996849609,0.0249797259129,0.00565907872781,-0.00322382453091
722,0.0824964441272,0.220020062418,0.0055946022372,-0.294115884385
723,0.0868968453756,0.024818797287,-0.000287715450505,0.000326235513225
724,0.0873932213213,-0.17029902649,-0.00028119074024,0.292918370724
725,0.0839872407915,0.0248269327488,0.00557717667424,0.000146773360052
726,0.0844837794465,0.219868456848,0.00558011214144,-0.290771281299
727,0.0888811485835,0.0246673853278,-0.00023531348453,0.00366631187214
728,0.08937449629,0.219792710493,-0.000161987247087,-0.289090849936
729,0.0937703504999,0.0246730695749,-0.00594380424582,0.0035409833508
730,0.0942638118914,-0.170363136704,-0.0058729845788,0.294342656828
731,0.0908565491573,0.0248420507103,1.38685577692e-05,-0.000186722092938
732,0.0913533901715,-0.170280099402,1.01341159104e-05,0.292500580403
733,0.0879477881835,0.024841707324,0.00586014572397,-0.000179150240555
734,0.0884446223299,0.219879127322,0.00585656271916,-0.29100738389
735,0.0928422048764,0.02467416011,3.64150413618e-05,0.00351686498959
736,0.0933356880786,0.219795589066,0.000106752341154,-0.289154572228
737,0.0977315998599,0.0246721157323,-0.00567633910341,0.00356202129279
738,0.0982250421745,-0.170367970471,-0.00560509867756,0.294448602611
739,0.0948176827651,0.0248334415489,0.000283873374667,3.19368844159e-06
740,0.0953143515961,0.219951320458,0.000283937248436,-0.292590154112
741,0.0997133780053,0.0248253220293,-0.00556786583381,0.000182309282932
742,0.100209884446,-0.170216337073,-0.00556421964815,0.291103318968
743,0.0968055577044,0.0249845093315,0.000257846731199,-0.00332929014405
744,0.097305247891,-0.170141138835,0.000191260928318,0.289434979315
745,0.0939024251143,0.0249780845321,0.00597996051461,-0.00318761967065
746,0.094401986805,0.22001376615,0.0059162081212,-0.293977813354
747,0.098802262128,0.0248079685839,3.66518541206e-05,0.000565113676879
748,0.0992984214996,0.219929394143,4.79541276582e-05,-0.29210624882
749,0.103697009383,0.0248067592159,-0.00579417084874,0.000591801747558
750,0.104193144567,-0.170231617866,-0.00578233481379,0.291440979754
751,0.100788512209,0.024972301931,4.64847812969e-05,-0.00306000187669
752,0.101287958248,-0.170150315917,-1.47152562368e-05,0.289637591105
753,0.0978849519298,0.0249718451334,0.00577803656586,-0.00304997672438
754,0.0983843888324,0.220010456304,0.00571703703137,-0.293904276569
755,0.102784597959,0.0248074648145,-0.000161048500004,0.000576225323167
756,0.103280747255,-0.170312176364,-0.000149523993541,0.293208335036
757,0.0998745037275,0.0248119063883,0.00571464270718,0.000478254126019
758,0.100370741855,0.219851437003,0.0057242077897,-0.290396168923
759,0.104767770595,0.0246483330106,-8.37155887523e-05,0.00408659787883
760,0.105260737256,0.219771484733,-1.98363117565e-06,-0.288622741062
761,0.10965616695,0.0246495618002,-0.00577443845241,0.00405956014878
762,0.110149158186,-0.170389101602,-0.00569324724944,0.294915002248
763,0.106741376154,0.0248135513059,0.00020505279553,0.000441962561298
764,0.10723764718,0.219932561168,0.000213892046756,-0.292176260557
765,0.111636298404,0.0248075608909,-0.00562963316439,0.000574117424491
766,0.112132449621,-0.170233202567,-0.0056181508159,0.291475523179
767,0.10872778557,0.0249684029792,0.000211359647675,-0.00297399185123
768,0.10922715363,-0.170156578807,0.000151879810651,0.289775614027
769,0.105824022054,0.0249632063465,0.00594739209119,-0.00285940766397
770,0.106323286181,0.219999360541,0.00589020393791,-0.293659941966
771,0.110723273391,0.0247939282344,1.70050985777e-05,0.000874837035129
772,0.111219151956,0.219915635572,3.45018392803e-05,-0.29180272443
773,0.115617464667,0.0247931924285,-0.00580155264931,0.000891083651744
774,0.116113328516,-0.170245077576,-0.00578373097628,0.291737918311
775,0.112708426964,0.0249588609194,5.10273899474e-05,-0.00276349946747
776,0.113207604183,-0.17016382207,-4.24259940188e-06,0.289935526688
777,0.109804327741,0.0249581896463,0.00579446793436,-0.00274873820795
778,0.110303491534,0.21999656246,0.0057394931702,-0.293597821967
779,0.114703422784,0.0247932534974,-0.000132463269127,0.000889720459263
780,0.115199287854,0.219917104183,-0.000114668859942,-0.291834997203
781,0.119597629937,0.0247967881429,-0.005951368804,0.000811762288726
782,0.1200935657,-0.170239308305,-0.00593513355823,0.291611033919
783,0.116688779534,0.0249667638863,-0.000102912879855,-0.00293783618553
784,0.117188114812,-0.170153711262,-0.000161669603566,0.2897126186
785,0.113785040586,0.0249705449249,0.00563258276843,-0.00302129271823
786,0.114284451485,0.220011265658,0.00557215691406,-0.293921762358
787,0.118684676798,0.0248103163106,-0.000306278333089,0.000513321744671
788,0.119180883124,-0.170307241091,-0.000296011898195,0.29309959829
789,0.115774738303,0.0248189293121,0.00556598006761,0.000323328012701
790,0.116271116889,0.219860615758,0.00557244662787,-0.290598280164
791,0.120668329204,0.0246596517651,-0.000239518975409,0.00383691060806
792,0.121161522239,0.219785037215,-0.000162780763247,-0.288921577749
793,0.125557222984,0.0246654076309,-0.00594121231822,0.00371000520513
794,0.126050531136,-0.170370836264,-0.00586701221412,0.294512501625
795,0.122643114411,0.0248342664377,2.32378183854e-05,-1.50046498401e-05
796,0.12313979974,0.219955884385,2.29377253886e-05,-0.292690599573
797,0.127538917427,0.0248336061297,-0.00583087426608,-4.38575985473e-07
798,0.12803558955,-0.170204238518,-0.0058308830376,0.290837087756
799,0.12463150478,0.0250003674083,-1.41412824774e-05,-0.00367911344592
800,-0.00716965079997,-0.22377405176,-0.0239569133565,0.251764185346
801,-0.0116451318352,-0.0283183427456,-0.0189216296496,-0.0483779070477
802,-0.0122114986901,-0.223163934279,-0.0198891877905,0.238275534496
803,-0.0166747773756,-0.0277635749072,-0.0151236771006,-0.060614069845
804,-0.0172300488738,-0.222665456111,-0.0163359584975,0.22725912674
805,-0.021683357996,-0.0273139023156,-0.0117907759627,-0.0705316638549
806,-0.0222296360423,-0.222264846427,-0.0132014092398,0.218408017824
807,-0.0266749329709,-0.0269566944566,-0.00883324888336,-0.0784097837669
808,-0.02721406686,-0.221950910292,-0.0104014445587,0.211473187656
809,-0.0316530850659,-0.0266817974657,-0.00617198080558,-0.0844726066554
810,-0.0321867210152,-0.221714735051,-0.00786143293869,0.20625667681
811,-0.0366210157162,-0.0264812531513,-0.00373629940249,-0.0888957341793
812,-0.0371506407792,-0.221549450421,-0.00551421408607,0.202606049905
813,-0.0415816297876,-0.0263490740281,-0.00146209308798,-0.0918112338929
814,-0.0421086112682,-0.221450038229,-0.00329831776584,0.200410044392
815,-0.0465376120328,-0.0262810692496,0.000709883121995,-0.0933115203267
816,-0.0470632334178,-0.221413188003,-0.00115634728454,0.199595289674
817,-0.0514914971778,-0.0262747171217,0.00283555850894,-0.093452186979
818,-0.0520169915203,-0.221437195204,0.000966514769355,0.200124006343
819,-0.0564457354243,-0.0263290807838,0.00496899489621,-0.0922538732944
820,-0.05697231704,-0.221521899588,0.00312391743032,0.201992618791
821,-0.0614027550318,-0.0264447645713,0.00716376980613,-0.0897032257069
822,-0.0619316503232,-0.221668661909,0.005369705292,0.205231236532
823,-0.0663650235614,-0.0266239094861,0.00947433002263,-0.0857529884422
824,-0.0668975017511,-0.221880377952,0.00775927025378,0.209903980616
825,-0.0713351093102,-0.0268702270958,0.0119573498661,-0.0803212375229
826,-0.0718725138521,-0.222161529601,0.0103509251156,0.216110151772
827,-0.0763157444441,-0.0271890720239,0.0146731281511,-0.073289749838
828,-0.0768595258846,-0.222518273342,0.0132073331543,0.223986256702
829,-0.0813098913514,-0.0275875539938,0.0176870582884,-0.0645014777717
830,-0.0818616424313,0.167276403612,0.0163970287329,-0.351551971587
831,-0.078516114359,-0.0280748430982,0.00936598930119,-0.0537439821829
832,-0.079077611221,-0.223329828823,0.00829110965753,0.241879211012
833,-0.0835442077975,-0.0283272863892,0.0131286938778,-0.048176990663
834,-0.0841107535253,0.166603973198,0.0121651540645,-0.336688956142
835,-0.0807786740613,-0.0286889669075,0.00543137494167,-0.0401947548315
836,-0.0813524533994,-0.223888380561,0.00462747984504,0.254196863278
837,-0.0858302210106,-0.0288328071311,0.0097114171106,-0.0370228900259
838,-0.0864068771533,0.166148544404,0.00897095931008,-0.326626013929
839,-0.0830839062652,-0.0290999731729,0.0024384390315,-0.031127595748
840,-0.0836659057287,-0.224256807826,0.00181588711654,0.262323686297
841,-0.0881510418852,-0.0291608241896,0.00706236084247,-0.0297859361499
842,-0.088734258369,-0.224383338059,0.00646664211948,0.265116848686
843,-0.0932219251301,-0.0293542786783,0.0117689790932,-0.025519444159
844,-0.0938090107037,0.165596935521,0.01125859021,-0.314466013859
845,-0.0904970719933,-0.0296835694278,0.00496926993284,-0.0182538653552
846,-0.0910907433818,0.165366765553,0.00460419262573,-0.309364796109
847,-0.0877834080708,-0.0298204829349,-0.00158310329645,-0.0152333987928
848,-0.0883798177295,-0.224919694755,-0.0018877712723,0.276949620042
849,-0.0928782116246,-0.0297708623461,0.00365122112854,-0.0163281114097
850,-0.0934736288715,-0.224944985619,0.00332465890035,0.277504578668
851,-0.0979725285839,-0.0298706225116,0.00887475047371,-0.0141279009088
852,-0.0985699410341,0.165122936489,0.00859219245554,-0.303997578651
853,-0.0952674823043,-0.0301204039568,0.00251224088252,-0.00861730490906
854,-0.0958698903835,0.164965428294,0.00233989478434,-0.300506531801
855,-0.0925705818176,-0.0301897959877,-0.00367023585169,-0.00708656831147
856,-0.0931743777374,-0.225258919036,-0.00381196721792,0.284436098568
857,-0.0976795561181,-0.0300828075584,0.00187675475344,-0.00944665720772
858,-0.0982812122693,-0.225231623667,0.00168782160928,0.283827817012
859,-0.102785844743,-0.0301337862486,0.00736437794953,-0.00832230295981
860,-0.103388520468,0.164881779455,0.00719793189034,-0.29867261164
861,-0.100090884878,-0.0303420305692,0.00122447965754,-0.00372830881017
862,-0.10069772549,0.16476233845,0.00114991348134,-0.296024646012
863,-0.0974024787209,-0.0303759870073,-0.00477057943889,-0.00297927686106
864,-0.098009998461,-0.225429197406,-0.00483016497612,0.288194664379
865,-0.102518582409,-0.0302387002268,0.000933728311471,-0.00600772895865
866,-0.103123356414,-0.225374029988,0.000813573732298,0.28696965417
867,-0.107630837013,-0.0302636906855,0.0065529668157,-0.00545656727436
868,-0.108236110827,0.164763671504,0.00644383547021,-0.296064771068
869,-0.104940837397,-0.0304495470362,0.000522540048855,-0.00135654810068
870,-0.105549828338,0.164664906298,0.000495409086842,-0.293874561378
871,-0.102256530212,-0.030464104566,-0.00538208214073,-0.00103543073431
872,-0.102865812303,-0.225508456951,-0.00540279075541,0.289944535983
873,-0.107375981442,-0.0303098833473,0.000396099964255,-0.00443746377983
874,-0.107982179109,-0.225437512972,0.000307350688659,0.288370411082
875,-0.112490929369,-0.0303199460241,0.0060747589103,-0.00421556441439
876,-0.113097328289,0.164714359887,0.00599044762202,-0.294975657193
877,-0.109803041091,-0.0304924799849,9.09344781462e-05,-0.000409470118659
878,-0.110412890691,-0.22561573522,8.2745075773e-05,0.29230214626
879,-0.114925205395,-0.0304949638862,0.00592878800098,-0.000354682686109
880,-0.115535104673,0.164541460204,0.00592169434725,-0.291161123652
881,-0.112244275469,-0.0306644241681,9.84718742199e-05,0.00338353700022
882,-0.112857563952,0.164456114683,0.000166142614224,-0.289268319127
883,-0.109568441659,-0.0306682053072,-0.00561922376831,0.00346700274764
884,-0.110181805765,-0.225709119776,-0.00554988371336,0.294371712458
885,-0.11469598816,-0.0305084858564,0.000337550535798,-5.6386557136e-05
886,-0.115306157877,0.164608622768,0.000336422804655,-0.292632792964
887,-0.112013985422,-0.0305181235239,-0.00551623305463,0.000156218212855
888,-0.112624347893,-0.225560531236,-0.00551310869038,0.291093614316
889,-0.117135558517,-0.0303604054484,0.000308763595939,-0.00332297038333
890,-0.117742766626,-0.225486783425,0.000242304188273,0.289457359126
891,-0.122252502295,-0.0303682882338,0.00603145137078,-0.00314913763889
892,-0.122859868059,0.164666646158,0.005968468618,-0.293922981996
893,-0.119566535136,-0.0305398877553,9.00089780762e-05,0.000636322919404
894,-0.120177332891,0.164580772488,0.000102735436464,-0.292018203621
895,-0.116885717442,-0.0305426434102,-0.00573762863595,0.000697122900467
896,-0.11749657031,-0.22558184064,-0.00572368617794,0.291564249621
897,-0.122008207123,-0.0303787477957,0.00010759881449,-0.00291834798134
898,-0.122615782079,-0.225502241973,4.92318548633e-05,0.289798525642
899,-0.127125826918,-0.0303809928116,0.00584520236771,-0.00286887358034
900,-0.127733446774,0.164656644024,0.00578782489611,-0.293701851338
901,-0.124440313894,-0.0305473456716,-8.62121306578e-05,0.000800839895926
902,-0.125051260807,0.16457584185,-7.01953327393e-05,-0.291909286665
903,-0.12175974397,-0.030545108431,-0.00590838106604,0.000751500607521
904,-0.122370646139,-0.225581828616,-0.00589335105389,0.291564420574
905,-0.126882282711,-0.0303763449219,-6.20626423993e-05,-0.00297135531393
906,-0.12748980961,-0.225497406018,-0.000121489748678,0.289691989349
907,-0.13199975773,-0.0303737226152,0.00567235003831,-0.00302925158052
908,-0.132607232182,0.16466642142,0.0056117650067,-0.293917099034
909,-0.129313903754,-0.0305350862788,-0.000266576973971,0.000530402328049
910,-0.129924605479,-0.22565321338,-0.00025596892741,0.293129208951
911,-0.134437669747,-0.0305276135849,0.00560661525161,0.000365563982984
912,-0.135048222019,0.164513483652,0.00561392653127,-0.290543147424
913,-0.131757952346,-0.0306880653158,-0.000196936417214,0.00390504776546
914,-0.132371713652,0.164436709703,-0.000118835461905,-0.288840008394
915,-0.129082979458,-0.0306835467126,-0.00589563562978,0.00380543653775
916,-0.129696650392,-0.225720451899,-0.00581952689903,0.294622403103
917,-0.13421105943,-0.0305160185809,7.29211630291e-05,0.000109780086347
918,-0.134821379802,0.164604886767,7.51167647561e-05,-0.292550138335
919,-0.131529282066,-0.0305181353847,-0.00577588600194,0.00015647839515
920,-0.132139644774,-0.225556777697,-0.00577275643403,0.291011460842
921,-0.136650780328,-0.030352991475,4.74727828111e-05,-0.00348652063673
922,-0.137257840158,-0.225475623491,-2.22576299236e-05,0.289211384056
923,-0.141767352627,-0.0303533548878,0.00576197005119,-0.00347856251987
924,-0.142374419725,0.164685489345,0.00569239880079,-0.294337962551
925,-0.139080709938,-0.0305171534939,-0.000194360450224,0.000134814007677
926,-0.139691053008,-0.225636316761,-0.00019166417007,0.292756411408
927,-0.144203779343,-0.0305116333474,0.00566346405809,1.30423981063e-05
928,-0.14481401201,0.164528639504,0.00566372490605,-0.290877625447
929,-0.14152343922,-0.0306736104013,-0.000153827602889,0.00358617940187
930,-0.142136911428,0.164450546591,-8.21040148518e-05,-0.289145277939
931,-0.138847900496,-0.030670233737,-0.00586500957364,0.00351175298656
932,-0.139461305171,-0.225707583242,-0.00579477451391,0.294338442609
933,-0.143975456836,-0.0305034977366,9.19943382686e-05,-0.000166423706607
934,-0.144585526791,0.164617134029,8.86658641364e-05,-0.292820323781
935,-0.14129318411,-0.0305060812597,-0.00576774061148,-0.000109434234487
936,-0.141903305735,-0.225544841723,-0.00576992929617,0.290748133895
937,-0.14641420257,-0.0303410944811,4.50333817253e-05,-0.00374896272754
938,-0.147021024459,-0.225463691516,-2.99458728256e-05,0.288948172342
939,-0.15153029829,-0.0303413132805,0.00574901757401,-0.00374419896635
940,-0.152137124555,0.164697718836,0.00567413359468,-0.294607710592
941,-0.148843170179,-0.0305046657009,-0.000218020617154,-0.000140660970344
942,-0.149453263493,-0.225623489507,-0.000220833836561,0.292473469722
943,-0.153965733283,-0.0304983903332,0.00562863555788,-0.000279097049334
944,-0.15457570109,0.16454238759,0.0056230536169,-0.291180819436
945,-0.151284853338,-0.0306592880137,-0.000200562771815,0.00327023401072
946,-0.151898039098,0.164465538993,-0.000135158091601,-0.289475966067
947,-0.148608728318,-0.0306544846504,-0.00592467741294,0.00316433024593
948,-0.149221818011,-0.225690968441,-0.00586139080802,0.293972076379
949,-0.15373563738,-0.0304859431165,1.80507195541e-05,-0.000553670819206
950,-0.154345356242,-0.225608153205,6.97730317001e-06,0.292134951178
951,-0.158857519306,-0.03048630147,0.00584967632672,-0.000545775090727
952,-0.159467245336,0.164551270415,0.00583876082491,-0.291377332449
953,-0.156176219927,-0.0306534447272,1.12141759178e-05,0.00314133514522
954,-0.156789288822,0.164468345663,7.40408788221e-05,-0.289538053454
955,-0.153499921909,-0.0306546612773,-0.00571672019026,0.0031682241725
956,-0.154113015134,-0.225694161816,-0.00565335570681,0.294041987863
957,-0.158626898371,-0.0304920682868,0.000227484050463,-0.000418551109338
958,-0.159236739736,0.16462661974,0.000219113028276,-0.293029695266
959,-0.155944207342,-0.0304984548401,-0.00564148087705,-0.000277671192615
960,-0.156554176438,-0.225539046488,-0.0056470343009,0.290619974146
961,-0.161064957368,-0.0303370310357,0.000165365182016,-0.00383859970887
962,-0.161671697989,-0.225461353441,8.85931878385e-05,0.288896497261
963,-0.166180925058,-0.0303406656758,0.00586652313305,-0.00375848684146
964,-0.166787738371,0.164696661881,0.00579135339622,-0.294584695966
965,-0.163493805134,-0.0305073746,-0.000100340523092,-8.09031746226e-05
966,-0.164103952626,-0.225627886646,-0.000101958586584,0.292570363307
967,-0.168616510358,-0.0305044818539,0.00574944867956,-0.000144718183925
968,-0.169226599996,0.164534543931,0.00574655431588,-0.291008092844
969,-0.165935909117,-0.0306688730275,-7.36075410063e-05,0.00348167564151
970,-0.166549286578,0.164454133754,-3.97402817619e-06,-0.289224474354
971,-0.163260203902,-0.0306677607965,-0.00578846351526,0.0034571991044
972,-0.163873559118,-0.225706220733,-0.00571931953318,0.294308188989
973,-0.168387683533,-0.0305031984029,0.000166844246607,-0.000173026387129
974,-0.168997747501,0.164616359629,0.000163383718864,-0.292803307152
975,-0.165705420309,-0.0305079207055,-0.00569268242418,-6.88557446193e-05
976,-0.166315578723,-0.225547769815,-0.00569405953908,0.290812537901
977,-0.170826534119,-0.030345092111,0.000122191218945,-0.00366077643474
978,-0.171433435961,-0.225468795517,4.89756902503e-05,0.289060700707
979,-0.175942811871,-0.030347542722,0.00583018970439,-0.00360677928099
980,-0.176549762726,0.16469031193,0.00575805411877,-0.294444523046
981,-0.173255956487,-0.0305132557993,-0.00013083634214,4.88331102232e-05
982,-0.173866221603,-0.22563333039,-0.000129859679936,0.292690476606
983,-0.178378888211,-0.0305095278867,0.00572394985219,-3.34034261703e-05
984,-0.178989078769,0.164529867738,0.00572328178367,-0.290904872165
985,-0.175698481414,-0.030673221551,-9.48156596283e-05,0.00357760189309
986,-0.176311945845,0.164450089334,-2.32636217665e-05,-0.289135238923
987,-0.173022944058,-0.0306715301405,-0.00580596840023,0.00354035070509
988,-0.173636374661,-0.225709736156,-0.00573516138613,0.294385783676
989,-0.178150569384,-0.0305064908319,0.000152554287402,-0.000100397047422
990,-0.178760699201,0.164613272204,0.000150546346454,-0.292735187235
991,-0.175468433757,-0.030510825161,-0.00570415739824,-4.78387888997e-06
992,-0.17607865026,-0.225550507848,-0.00570425307582,0.290872967418
993,-0.180589660417,-0.030347686659,0.000113206272549,-0.00360354198122
994,-0.18119661415,-0.225471261238,4.11354329244e-05,0.289115100655
995,-0.185706039375,-0.0303498966301,0.00582343744603,-0.00355485219107
996,-0.186313037308,0.164688055973,0.00575234040221,-0.29439473952
997,-0.183019276188,-0.0305154314059,-0.000135554388198,9.68259353854e-05
998,-0.183629584816,-0.225635438315,-0.00013361786949,0.29273698062
999,-0.188142293583,-0.0305115822455,0.0057211217429,1.19154750691e-05
1000,0.00356039955351,-0.201050879348,0.0454775815371,0.349814598173
1001,-0.000460618033442,-0.0066042226074,0.0524738735006,0.0718119791794
1002,-0.00059270248559,0.187727703712,0.0539101130842,-0.203864441669
1003,0.00316185158865,0.382038905536,0.0498328242508,-0.479065904855
1004,0.0108026296994,0.186250161032,0.0402515061537,-0.171102578493
1005,0.01452763292,-0.00942409835597,0.0368294545838,0.13400181904
1006,0.0143391509529,0.185151484353,0.0395094909646,-0.146838222403
1007,0.01804218064,0.379686023945,0.0365727265166,-0.426799541584
1008,0.0256359011189,0.1840656689,0.0280367356849,-0.122815243494
1009,0.0293172144969,-0.0114465047104,0.025580430815,0.178579481906
1010,0.0290882844026,0.18330021909,0.0291520204531,-0.105925206897
1011,0.0327542887844,0.377992540362,0.0270335163152,-0.389270124446
1012,0.0403141395917,0.182497525192,0.0192481138263,-0.0881878618282
1013,0.0439640900955,-0.0128949616934,0.0174843565897,0.210505173011
1014,0.0437061908616,0.181972686754,0.0216944600499,-0.0766114831834
1015,0.0473456445967,0.376777021922,0.0201622303863,-0.362371554244
1016,0.0548811850351,0.181374387458,0.0129147993014,-0.0633998820601
1017,0.0585086727843,-0.0139303262203,0.0116468016602,0.233329602789
1018,0.0582300662599,0.181023291611,0.016313393716,-0.0556569081066
1019,0.0618505320921,0.375907581111,0.0152002555538,-0.343148520243
1020,0.0693686837143,0.180572717745,0.00833728514897,-0.0457113702579
1021,0.0729801380692,-0.0146677868143,0.00742305774381,0.249590341653
1022,0.0726867823329,0.180347375689,0.0124148645769,-0.0407419839409
1023,0.0762937298467,0.375289119595,0.0116000248981,-0.329482189052
1024,0.0837995122386,0.180003973177,0.00501038111701,-0.0331638466297
1025,0.0873995917022,-0.0151894691188,0.00434710418442,0.261095687617
1026,0.0870958023198,0.179870158455,0.00956901793675,-0.0302129445657
1027,0.0906932054889,0.374853586511,0.00896475904544,-0.319861448008
1028,0.0981902772191,0.179605117359,0.00256753008528,-0.0243649089807
1029,0.101782379566,-0.0155535602145,0.00208023190566,0.2691269955
1030,0.101471308362,0.179538642743,0.00746277181567,-0.0228990880204
1031,0.105062081217,0.374552779999,0.00700479005526,-0.313218113707
1032,0.112553136817,0.179331744453,0.00074042778112,-0.0183343531195
1033,0.116139771706,-0.0158008175101,0.000373740718729,0.274582095339
1034,0.115823755356,0.179315799218,0.00586538262551,-0.0179829295433
1035,0.11941007134,0.37435314509,0.00550572403465,-0.308809503402
1036,0.126897134242,0.179153180516,-0.000670466033387,-0.0143953196627
1037,0.130480197852,-0.0159591489601,-0.000958372426642,0.278075991772
1038,0.130161014873,0.1791764613,0.00460314740879,-0.014909050648
1039,0.133744544099,0.374232096166,0.00430496639583,-0.306136082623
1040,0.141229186022,0.179049064485,-0.00181775525662,-0.0120985918426
1041,0.144810167312,-0.0160467706124,-0.00205972709347,0.28001025757
1042,0.1444892319,0.179104501889,0.00354047805793,-0.0133215895761
1043,0.148071321938,0.374175499592,0.00327404626641,-0.304885353849
1044,0.155554831929,0.179007044088,-0.00282366081057,-0.0111716717725
1045,0.159134972811,-0.0160742984531,-0.00304709424602,0.280619020319
1046,0.158813486842,0.1790909856,0.00256528616035,-0.0130233910335
1047,0.162395306554,-0.01606766102,0.00230481833968,0.280467808991
1048,0.162073953334,0.179021336898,0.00791417451951,-0.0114872946324
1049,0.165654380072,0.374028899333,0.00768442862686,-0.301662734712
1050,0.173134958058,0.178798272253,0.00165117393262,-0.0065662406082
1051,0.176710923503,0.373896504414,0.00151984912045,-0.298727745001
1052,0.184188853592,0.178752921671,-0.00445470577957,-0.00556587349535
1053,0.187763912025,-0.0163048603006,-0.00456602324948,0.285708217195
1054,0.187437814819,0.178881912079,0.00114814109443,-0.00841129552675
1055,0.191015453061,-0.016256486248,0.000979915183893,0.284633662444
1056,0.190690323336,0.178851475307,0.00667258843277,-0.00774004435887
1057,0.194267352842,0.373877099727,0.00651778754559,-0.298310242162
1058,0.201744894836,0.1786628492,0.00055158270235,-0.00357887013299
1059,0.20531815182,-0.0164670081701,0.00048000529969,0.289278036703
1060,0.204988811657,0.178648094971,0.00626556603376,-0.00325346273833
1061,0.208561773556,0.373679631002,0.00620049677899,-0.293952960132
1062,0.216035366176,0.178469829712,0.000321437576352,0.000679047393011
1063,0.219604762771,0.373587169572,0.000335018524212,-0.291902444631
1064,0.227076506162,0.178460443149,-0.0055030303684,0.000886124022583
1065,0.230645715025,-0.0165821559779,-0.00548530788795,0.291827710055
1066,0.230314071905,0.178617575506,0.000351246313149,-0.00258015464879
1067,0.233886423416,-0.0165094113352,0.000299643220173,0.290213573972
1068,0.233556235189,0.178608265902,0.00610391469962,-0.00237483363908
1069,0.237128400507,0.373642148569,0.00605641802684,-0.293125667983
1070,0.244601243478,0.17843437318,0.000193904667183,0.00146120093805
1071,0.248169930942,0.373553542986,0.000223128685944,-0.291160540298
1072,0.255641001802,0.17842841094,-0.00560008212001,0.00159275031883
1073,0.25920957002,-0.0166127810432,-0.00556822711363,0.292503535264
1074,0.2588773144,0.178588117423,0.000281843591652,-0.00193032358376
1075,0.262449076748,-0.0165378747104,0.000243237119977,0.290841515007
1076,0.262118319254,0.178580607362,0.00606006742011,-0.00176468773079
1077,0.265689931401,0.373615126411,0.00602477366549,-0.292529445508
1078,0.273162233929,0.178407794648,0.00017418475533,0.00204751068295
1079,0.276730389822,0.373527247371,0.000215134968989,-0.290580453643
1080,0.28420093477,0.178402229184,-0.00559647410388,0.0021703165436
1081,0.287768979353,-0.0166390151282,-0.00555306777301,0.293082246631
1082,0.287436199051,0.178561667782,0.000308577159614,-0.00134685679267
1083,0.291007432406,-0.0165647075248,0.00028164002376,0.291433413917
1084,0.290676138256,0.17855322677,0.00611030830209,-0.00116067375125
1085,0.294247202791,0.373587016611,0.00608709482707,-0.291909477751
1086,0.301718943124,0.178378804971,0.000248905272057,0.00268700980613
1087,0.305286519223,0.373497185642,0.00030264546818,-0.289917373985
1088,0.312756462936,0.178370920169,-0.00549570201152,0.00286098858629
1089,0.316323881339,-0.0166717852403,-0.00543848223979,0.293804900335
1090,0.315990445634,0.17852727979,0.000437615766913,-0.000588273051803
1091,0.31956099123,0.373642952225,0.000425850305876,-0.29313309465
1092,0.327033850275,0.178514931979,-0.00543681158712,-0.000315890833238
1093,0.330604148914,-0.0165286270978,-0.00544312940378,0.290646709103
1094,0.330273576372,0.178670513263,0.000369804778273,-0.00374793612251
1095,0.333846986638,-0.0164567395397,0.000294846055823,0.289051645671
1096,0.333517851847,0.178661005949,0.00607587896924,-0.00353827510081
1097,0.337091071966,0.373695295572,0.00600511346723,-0.294298012167
1098,0.344564977877,0.178488246805,0.00011915322388,0.000272774170262
1099,0.348134742813,0.37360848899,0.000124608707285,-0.292372555982
1100,0.355606912593,0.178484761313,-0.00572284241236,0.000349668220924
1101,0.359176607819,-0.016554650375,-0.00571584904794,0.29122148849
1102,0.358845514812,0.178648333126,0.000108580721856,-0.00325865414664
1103,0.362418481474,-0.0164751751308,4.3407638923e-05,0.289458529245
1104,0.362088977972,0.178646157081,0.00583257822382,-0.0032107069512
1105,0.365661901113,0.373683977068,0.0057683640848,-0.294047692431
1106,0.373135580655,0.178480262744,-0.000112589763823,0.000448897294794
1107,0.37670518591,-0.0166400735929,-0.000103611817927,0.293096298554
1108,0.376372384438,0.178483354735,0.00575831415316,0.000380695759336
1109,0.379942051532,0.373522251929,0.00576592806834,-0.290479864689
1110,0.387412496571,0.1783185602,-4.36692254357e-05,0.00401597908104
1111,0.390978867775,0.373441137673,3.6650356185e-05,-0.2886807256
1112,0.398447690528,0.178318663832,-0.00573696415582,0.00401376016807
1113,0.402014063805,-0.016720543123,-0.00565668895246,0.294881097946
1114,0.401679652943,0.178481594659,0.000240933006455,0.000419518154347
1115,0.405249284836,0.373600089718,0.000249323369542,-0.292187381636
1116,0.41272128663,0.178474584491,-0.00559442426318,0.000574168177703
1117,0.41629077832,-0.0165666895204,-0.00558294089963,0.291486748813
1118,0.41595944453,0.178634419612,0.000246794076627,-0.00295172779489
1119,0.419532132922,-0.0164910701236,0.000187759520729,0.289809055353
1120,0.419202311519,0.178628203232,0.00598394062779,-0.00281464822161
1121,0.422774875584,0.373663827081,0.00592764766336,-0.293603578155
1122,0.430248152126,0.178457867095,5.55761002589e-05,0.000942935831394
1123,0.433817309468,0.373579021227,7.44348168868e-05,-0.291722455542
1124,0.441288889892,0.178456008763,-0.00576001429396,0.000983946179748
1125,0.444858010067,-0.0165828637758,-0.00574033537037,0.291843966947
1126,0.444526352792,0.178620462805,9.65439685819e-05,-0.00264384809361
1127,0.448098762048,-0.0165028728621,4.36670067097e-05,0.29006953797
1128,0.447768704591,0.178618455666,0.00584505776612,-0.00259961644264
1129,0.451341073704,0.373656094591,0.00579306543727,-0.293432640094
1130,0.458814195596,0.178452030158,-7.55873646117e-05,0.00107169505236
1131,0.462383236199,0.373575065329,-5.41534635645e-05,-0.291635079554
1132,0.469854737506,0.178453886298,-0.00588685505464,0.00103076744575
1133,0.473423815232,-0.0165831462049,-0.00586623970572,0.29185052156
1134,0.473092152307,0.178621954547,-2.92292745253e-05,-0.00267675600337
1135,0.476664591398,-0.0164995774698,-8.27643945928e-05,0.28999694849
1136,0.476334599849,0.178623553824,0.00571717457521,-0.00271208017974
1137,0.479907070925,0.373663047757,0.00566293297162,-0.293585699616
1138,0.487380331881,0.17846081776,-0.000208781020702,0.000877843860059
1139,0.490949548236,0.373585762582,-0.000191224143501,-0.291870948614
1140,0.498421263487,0.178466538426,-0.00602864311578,0.000751662371436
1141,0.501990594256,-0.0165684366659,-0.00601360986835,0.291526398343
1142,0.501659225523,0.178638741293,-0.000183081901482,-0.003047064724
1143,0.505232000348,-0.0164805837876,-0.000244023195962,0.289578091913
1144,0.504902388673,0.178644846268,0.00554753864229,-0.00318178727497
1145,0.508475285598,0.373686800153,0.00548390289679,-0.294109248279
1146,0.515949021601,0.178487095632,-0.000398282068798,0.000298165174406
1147,0.519518763514,-0.0166291413755,-0.000392318765309,0.292855402548
1148,0.519186180686,0.178498401245,0.00546478928564,4.87694276835e-05
1149,0.522756148711,0.373541554752,0.0054657646742,-0.290904952225
1150,0.530226979806,0.178342095981,-0.000352334370312,0.00349678912835
1151,0.533793821726,0.373469098414,-0.000282398587745,-0.289297282657
1152,0.541263203694,0.178351175283,-0.00606834424088,0.00329656518505
1153,0.5448302272,-0.0166832236869,-0.00600241293718,0.294058694823
1154,0.544496562726,0.17852378787,-0.000121239040725,-0.000511246505778
1155,0.548067038483,-0.0165964243946,-0.000131463970841,0.292133425462
1156,0.547735109996,0.178527401018,0.0057112045384,-0.000590960535236
1157,0.551305658016,0.373566981499,0.00569938532769,-0.291466474934
1158,0.558776997646,0.178364230844,-0.00012994417098,0.00300850570007
1159,0.562344282263,0.373488045411,-6.97740569785e-05,-0.289715417265
1160,0.569814043171,0.178367089209,-0.00586408240228,0.00294550275189
1161,0.573381384955,-0.0166702737262,-0.00580517234725,0.293772486694
1162,0.573047979481,0.178533960172,7.02773866257e-05,-0.000735641461268
1163,0.576618658684,-0.0165889988572,5.55645574003e-05,0.291969457912
1164,0.576286878707,0.178532160062,0.00589495371564,-0.000695944035671
1165,0.579857521908,0.373569075062,0.00588103483492,-0.291513126976
1166,0.587328903409,0.178363764724,5.07722954131e-05,0.00301878920902
1167,0.590896178704,0.373484987758,0.000111148079594,-0.28964811791
1168,0.598365878459,0.178361451786,-0.00568181427861,0.003069861775
1169,0.601933107495,-0.0166785549945,-0.00562041704311,0.29395470519
1170,0.601599536395,0.17852307454,0.000258677060682,-0.000495508354937
1171,0.605169997886,0.373641314997,0.000248766893583,-0.293096808193
1172,0.612642824186,0.178515817829,-0.00561316927028,-0.000335434031873
1173,0.616213140542,-0.0165251843695,-0.00561987795092,0.290571197214
1174,0.615882636855,0.17867644841,0.000191545993355,-0.00387886359435
1175,0.619456165823,-0.0164482493326,0.000113968721468,0.288864492172
1176,0.619127200836,0.178672076501,0.00589125856491,-0.00378248787378
1177,0.622700642366,0.373709045192,0.00581560880743,-0.294600844075
1178,0.63017482327,0.178504667006,-7.64080740649e-05,-8.94489806916e-05
1179,0.63374491661,-0.0166161883267,-7.81970536788e-05,0.29256936919
1180,0.633412592844,0.178506877736,0.00577319033012,-0.000138218942204
1181,0.636982730399,0.37354555915,0.00577042595128,-0.290994057109
1182,0.644453641582,0.178341805714,-4.94551908992e-05,0.0035031939792
1183,0.648020477696,0.373464466158,2.06086886847e-05,-0.289195336155
1184,0.655489767019,0.178342221067,-0.00576329803441,0.00349409037359
1185,0.65905661144,-0.0166966039045,-0.00569341622694,0.294353068853
1186,0.658722679362,0.178506053224,0.00019364515012,-0.000120026561941
1187,0.662292800427,0.373625226754,0.000191244618881,-0.292741849695
1188,0.669765304962,0.178500549318,-0.00566359237501,1.38702361607e-06
1189,0.673335315948,-0.016539721672,-0.00566356463454,0.29089201414
1190,0.673004521515,0.178662525927,0.000154275648266,-0.00357174039716
1191,0.676577772033,-0.0164616374889,8.28408403226e-05,0.289159858285
1192,0.676248539283,0.178659132331,0.00586603800601,-0.00349694023458
1193,0.67982172193,0.373696466915,0.00579609920132,-0.294323303357
1194,0.687295651268,0.178492362694,-9.03668658176e-05,0.000181978235112
1195,0.690865498522,-0.0166282924155,-8.67273011154e-05,0.292836391846
1196,0.690532932674,0.178494895237,0.00577000053581,0.00012611364136
1197,0.694102830579,0.37353362292,0.00577252280864,-0.290730737097
1198,0.701573503037,0.17832983907,-4.20919333014e-05,0.00376717253312
1199,0.705140099819,0.373452393924,3.3251517361e-05,-0.288929034516
