0,-0.0037123785878,0.218023288629,-0.00504225127931,-0.315382499014
1,0.000648087184784,0.0229735229983,-0.0113499012596,-0.0242939854073
2,0.00110755764475,-0.171983836977,-0.0118357809677,0.264786419587
3,-0.00233211909479,0.023305029589,-0.006540052576,-0.0316060009789
4,-0.00186601850301,-0.171722526389,-0.00717217259558,0.259006314929
5,-0.00530046903079,0.0235010765625,-0.001992046297,-0.0359301584605
6,-0.00483044749954,-0.171592251735,-0.00271064946621,0.256123592128
7,-0.00826229253425,0.0235682955704,0.00241182237635,-0.0374130833237
8,-0.00779092662284,-0.17158815822,0.00166356070988,0.256029821052
9,-0.0112226897872,0.0235100020305,0.00678415713091,-0.0361279277606
10,-0.0107524897466,-0.171708574885,0.0060615985757,0.258687725865
11,-0.0141866612443,0.0233263176649,0.011235353093,-0.0320771392863
12,-0.013720134891,0.21828536164,0.0105938103073,-0.321194123406
13,-0.00935442765825,0.0230141607658,0.00416992783916,-0.0251892362606
14,-0.00889414444293,-0.172167341716,0.00366614311394,0.268806427292
15,-0.0123374912773,0.0229020987179,0.00904227165978,-0.0227179233116
16,-0.0118794493029,0.217893215622,0.00858791319355,-0.312534249861
17,-0.00752158499046,0.022649979198,0.00233722819634,-0.0171553794364
18,-0.0070685854065,-0.172505412497,0.00199412060761,0.276264053023
19,-0.0105186936564,0.0225880319085,0.00751940166806,-0.0157892606707
20,-0.0100669330183,0.217601343009,0.00720361645465,-0.306090274358
21,-0.00571490615809,0.0223774846588,0.0010818109675,-0.0111442398096
22,-0.00526735646491,-0.17275996446,0.000858926171303,0.281879814951
23,-0.00872255575411,0.0223497245576,0.00649652247033,-0.010532086354
24,-0.00827556126295,0.217377907193,0.00628588074325,-0.301158222813
25,-0.00392800311909,0.0221669301925,0.000262716286988,-0.00649950545012
26,-0.00348466451524,-0.172958787767,0.000132726177986,0.286266299975
27,-0.00694384027057,0.0221612703252,0.00585805217749,-0.00637476308819
28,-0.00650061486407,0.217198720928,0.00573055691573,-0.297203661724
29,-0.00215664044551,0.0219955498103,-0.000213516318759,-0.00271893827206
30,-0.00171672944931,-0.173123338623,-0.0002678950842,0.28989661391
31,-0.00517919622178,0.0220024316139,0.005530037194,-0.00287079209723
32,-0.0047391475895,0.217044639236,0.00547262135205,-0.293803807408
33,-0.000398254804788,0.0218450928228,-0.000403454796105,0.000600070259492
34,3.86470516684e-05,-0.173271069941,-0.000391453390915,0.293155674879
35,-0.00342677434716,0.0218564602832,0.00547166010666,0.000349314673407
36,-0.0029896451415,0.216899514187,0.00547864640013,-0.290602226594
37,0.00134834514224,0.0216998728207,-0.00033339813175,0.00380355517941
38,0.00178234259866,0.216826603865,-0.000257327028162,-0.288984544169
39,0.00611887467596,0.0217083230714,-0.00603701791155,0.00361721318582
40,0.00655304113739,-0.173326530554,-0.00596467364783,0.294389290036
41,0.0030865105263,0.0218799483081,-7.68878471094e-05,-0.000168823233052
42,0.00352410949247,-0.173240900143,-8.02643117705e-05,0.292489843551
43,5.92914896104e-05,0.0218821953933,0.00576953255925,-0.00021839651784
44,0.000496935397476,0.216920929864,0.00576516462889,-0.291075395811
45,0.00483535399476,0.021717250843,-5.63432873278e-05,0.00342020573926
46,0.00526969901162,0.216840010062,1.20608274575e-05,-0.289280497551
47,0.00960649921286,0.0217178868591,-0.00577354912356,0.00340623311527
48,0.01004085695,-0.173320789416,-0.00570542446125,0.294261957484
49,0.00657444116172,0.0218820372454,0.000179814688424,-0.000214902549789
50,0.00701208190663,0.217001409198,0.000175516637428,-0.292841090228
51,0.0113521100906,0.021876955937,-0.00568130516714,-0.000102812954544
52,0.0117896492093,-0.173163058175,-0.00568336142623,0.290782191979
53,0.00832638804582,0.0220394688319,0.000132282413359,-0.00368776893938
54,0.00876717742246,-0.173084379259,5.85270345708e-05,0.289036891666
55,0.00530548983727,0.0220367373181,0.00583926486789,-0.00362757575067
56,0.00574622458363,0.217074460318,0.00576671335288,-0.294462438496
57,0.01008771379,0.0218707706282,-0.000122535417047,3.36317592077e-05
58,0.0105251292026,-0.17324942304,-0.000121862781863,0.292677894651
59,0.00706014074176,0.0218742654741,0.00573169511116,-4.34636040104e-05
60,0.00749762605125,0.216913548762,0.00573082583908,-0.290912473792
61,0.0118358970265,0.0217103531691,-8.74236367637e-05,0.00357236498384
62,0.0122701040899,0.216833558061,-1.59763370868e-05,-0.289138143785
63,0.0166067752511,0.0217118346664,-0.00579873921279,0.00353974422672
64,0.0170410119444,-0.173326476216,-0.00572794432826,0.294387472113
65,0.0135744824201,0.0218766673982,0.000159805114002,-9.64463803128e-05
66,0.0140120157681,0.216996326414,0.000157876186396,-0.292728948463
67,0.0183519422963,0.0218721245732,-0.00569670278287,3.76624858711e-06
68,0.0187893847878,-0.173167666229,-0.0056966274579,0.29088388377
69,0.0153260314632,0.0220350474401,0.000121050217503,-0.00359023518572
70,0.015766732412,-0.173088639606,4.9245513789e-05,0.289130882003
71,0.0123049596199,0.0220326093426,0.00583186315385,-0.00353651288401
72,0.0127456118068,0.217070439715,0.00576113289616,-0.29437372539
73,0.0170870206011,0.0218668283675,-0.000126341611627,0.000120596146181
74,0.0175243571684,-0.173253310701,-0.000123929688704,0.292763657979
75,0.0140592909544,0.0218704072697,0.00573134347087,4.16479423838e-05
76,0.0144966990998,0.216909695658,0.00573217642972,-0.290827473866
77,0.018834893013,0.0217064807529,-8.4373047611e-05,0.00365778867798
78,0.019269022628,0.216829641903,-1.12172740515e-05,-0.289051757681
79,0.0236056154661,0.0217078506427,-0.00579225242767,0.00362763131211
80,0.0240397724789,-0.17333055434,-0.00571969980143,0.294477418427
81,0.0205731613921,0.0218724727934,0.000169848567115,-3.91531370492e-06
82,0.021010610848,0.216991987724,0.000169770260841,-0.29263324801
83,0.0253504506025,0.0218676163457,-0.00568289469935,0.000103217296597
84,0.0257878029294,-0.173172374714,-0.00568083035342,0.290987717695
85,0.0223243554351,0.0220301159532,0.000138924000483,-0.0034814488023
86,0.0227649577542,-0.173093827363,6.92950244369e-05,0.289245307003
87,0.0193030812069,0.0220271356523,0.0058542011645,-0.00341576407956
88,0.01974362392,0.217064641958,0.0057858858829,-0.294245885045
89,0.0240849167591,0.021860681391,-9.90318180023e-05,0.000256195722337
90,0.024522130387,-0.173259849427,-9.39079035555e-05,0.29290787516
91,0.0210569333984,0.0218634405827,0.00576424959965,0.000195332512046
92,0.0214942022101,0.216902251683,0.00576815624989,-0.290663343801
93,0.0258322472437,0.021698529152,-4.51106261354e-05,0.00383319748387
94,0.0262662178268,0.216821127294,3.15533235419e-05,-0.288863961956
95,0.0306026403727,0.0216987261367,-0.00574572591557,0.0038289163119
96,0.0310366148954,-0.173340353727,-0.00566914758933,0.294693472824
97,0.0275698078209,0.0218619602583,0.000224721867138,0.000227986609497
98,0.028007047026,0.216980687917,0.000229281599328,-0.292384029259
99,0.0323466607843,0.0218554683369,-0.00561839898586,0.000371201206452
100,0.0327837701511,-0.173185458027,-0.00561097496173,0.291276172597
101,0.0293200609905,0.022016046995,0.000214548490209,-0.00317109377854
102,0.0297603819304,-0.173108980504,0.000151126614638,0.28957951799
103,0.0262982023204,0.0220108153761,0.00594271697444,-0.003055741264
104,0.0267384186279,0.217047037413,0.00588160214916,-0.29385775992
105,0.0310793593761,0.0218417269574,4.44695074558e-06,0.000674322251286
106,0.0315161939153,0.216963614401,1.79333957713e-05,-0.292007201507
107,0.0358554662033,0.0218414074866,-0.00582221063438,0.000681381235128
108,0.036292294353,-0.173196562844,-0.00580858300968,0.291521657922
109,0.0328283630961,0.0220077265771,2.18501487665e-05,-0.00298755043471
110,0.0332685176277,-0.173114537998,-3.79008599277e-05,0.289702270303
111,0.0298062268677,0.022007953651,0.00575614454612,-0.00299260981421
112,0.0302463859407,0.217046882364,0.00569629234984,-0.293853859049
113,0.034587323588,0.0218441830698,-0.000180784831133,0.000620140384587
114,0.0350242072494,0.216968726542,-0.000168382023441,-0.29211982078
115,0.0393635817803,0.0218491765532,-0.00601077843905,0.000509995738625
116,0.0398005653113,-0.173186057792,-0.00600057852427,0.291290404165
117,0.0363368441555,0.0220209374135,-0.000174770440969,-0.00327897655333
118,0.0367772629037,-0.173098506908,-0.000240349972036,0.28934880295
119,0.0333152927656,0.022026870825,0.00554662608695,-0.00340991808702
120,0.0337558301821,0.217068837949,0.00547842772521,-0.294337668718
121,0.0380972069411,0.0218692113448,-0.000408325649144,6.80269740015e-05
122,0.038534591168,-0.173246881508,-0.000406965109664,0.292622094116
123,0.0350696535378,0.0218808698243,0.00544547677266,-0.000189156382491
124,0.0355072709343,0.216924303291,0.00544169364501,-0.291149006586
125,0.0398457570001,0.0217251847294,-0.000381286486698,0.00324518612187
126,0.0402802606947,0.216852602075,-0.00031638276426,-0.289558016845
127,0.0446173127362,0.0217351637963,-0.00610754310117,0.0030251093934
128,0.0450520160121,-0.173298666227,-0.0060470409133,0.293774791561
129,0.0415860426876,0.0219089748509,-0.000171545082072,-0.000809135690907
130,0.0420242221846,-0.173210515741,-0.00018772779589,0.291819661637
131,0.0385600118698,0.0219141116698,0.00564866543685,-0.000922466293783
132,0.0389982941032,0.216954599134,0.00563021611097,-0.291817831267
133,0.0433373860859,0.0217528246009,-0.000206140514368,0.0026354645124
134,0.0437724425779,0.216877731569,-0.00015343122412,-0.290112495032
135,0.0481099972093,0.0217579685151,-0.00595568112475,0.0025220373243
136,0.0485451565796,-0.173278065392,-0.00590524037827,0.293319939835
137,0.0450795952717,0.0219275798943,-3.88415815666e-05,-0.00121955330207
138,0.0455181468696,-0.173193814259,-6.32326476081e-05,0.291451118282
139,0.0420542705844,0.0219290385123,0.00576578971802,-0.00125175068809
140,0.0424928513547,0.216967827282,0.00574075470426,-0.292109938121
141,0.0468322079003,0.0217644956608,-0.000101444058155,0.00237800705738
142,0.0472674978135,0.216887901589,-5.38839170076e-05,-0.290336924882
143,0.0516052558453,0.0217667187539,-0.00586062241465,0.00232900707428
144,0.0520405902204,-0.173270694359,-0.00581404227316,0.293157089435
145,0.0485751763332,0.021933666568,4.9099515531e-05,-0.00135382188581
146,0.0490138496646,-0.173188988776,2.20230778149e-05,0.291344596035
147,0.045550069889,0.0219326484173,0.00584891499851,-0.0013313848991
148,0.0459887228574,0.216970231355,0.00582228730053,-0.292163183967
149,0.0503281274845,0.0217657509478,-2.09763788097e-05,0.00235031652194
150,0.0507634425035,0.216888002993,2.60299516292e-05,-0.290339228537
151,0.0551012025633,0.0217656806162,-0.0057807546191,0.00235190773503
152,0.0555365161756,-0.173272891106,-0.0057337164644,0.293205344719
153,0.0520710583535,0.021930337736,0.000130390429973,-0.00128038890844
154,0.0525096651082,-0.17319348323,0.000104782651805,0.291443674839
155,0.0490457954436,0.0219269737792,0.00593365614858,-0.00120620296867
156,0.0494843349192,0.216963327242,0.00590953208921,-0.292011098337
157,0.0538236014641,0.0217576170782,6.93101224668e-05,0.00252974643178
158,0.0542587538056,0.216878574221,0.000119905051102,-0.290131311403
159,0.05859632529,0.0217549134398,-0.00568272117697,0.00258942974928
160,0.0590314235588,-0.173285080173,-0.00563093258198,0.293473985281
161,0.0555657219554,0.0219166991347,0.000238547123648,-0.000979527117788
162,0.0560040559381,-0.173208672387,0.000218956581292,0.291778654691
163,0.0525398824903,0.0219101561767,0.0060545296751,-0.000835207904538
164,0.0529780856139,0.216944755583,0.00603782551701,-0.291601724095
165,0.0573169807255,0.021737236797,0.000205791035118,0.0029793267495
166,0.0577517254615,0.216856236069,0.000265377570108,-0.289638663397
167,0.0620888501828,0.0217305016723,-0.00552739569784,0.0031279488963
168,0.0625234602163,-0.173311744255,-0.00546483671991,0.294061802525
169,0.0590572253312,0.0218876915847,0.000416399330591,-0.000339633102498
170,0.0594949791629,0.217003668554,0.000409606668541,-0.292891151783
171,0.063835052534,0.0218758796525,-0.00544821636713,-7.9068627764e-05
172,0.064272570127,-0.173167514101,-0.00544979773968,0.290879912212
173,0.060809219845,0.0220317195801,0.000367800504551,-0.00351682281883
174,0.0612498542366,-0.173095504501,0.000297464048174,0.289282126851
175,0.0577879441466,0.022022203672,0.00608310658519,-0.00330696803045
176,0.05822838822,0.217056388385,0.00601696722458,-0.29406441
177,0.0625695159877,0.0218491718608,0.000135679024577,0.00051009204671
178,0.0630064994249,0.216969176982,0.000145880865511,-0.292130023308
179,0.0673458829646,0.0218451460668,-0.00569671960064,0.000598908924613
180,0.0677827858859,-0.173194644494,-0.00568474142215,0.291479021111
181,0.064318892996,0.0220078997151,0.000144839000069,-0.00299136902536
182,0.0647590509903,-0.173116128407,8.50116195621e-05,0.289737252753
183,0.0612967284222,0.0220046104809,0.00587975667463,-0.00291886110457
184,0.0617368206318,0.217041746012,0.00582137945254,-0.293740868864
185,0.0660776555521,0.021837283647,-5.34379247426e-05,0.000772339206808
186,0.066514401225,0.216960001204,-3.79911406064e-05,-0.29192744746
187,0.0708536012491,0.0218385916947,-0.00587654008981,0.000743497196734
188,0.071290373083,-0.173198590458,-0.00586167014588,0.291566526078
189,0.0678264012738,0.0220064468572,-3.0339624321e-05,-0.0029593207502
190,0.068266530211,-0.173115069235,-8.95260393249e-05,0.289714033404
191,0.0648042288263,0.0220081584736,0.00570475462875,-0.00299712764173
192,0.0652443919957,0.217047832548,0.00564481207591,-0.293874689442
193,0.0695853486467,0.0218458588987,-0.000232681712924,0.000583172059477
194,0.0700222658247,-0.173272754552,-0.000221018271735,0.293192675889
195,0.0665568107336,0.0218523471599,0.00564283524605,0.000440051099204
196,0.0669938576768,0.216892919168,0.00565163626804,-0.290457164366
197,0.0713317160602,0.0216908383213,-0.000157507019288,0.00400285292293
198,0.0717655328266,0.216815048065,-7.74499608294e-05,-0.288729765126
199,0.0761018337879,0.0216942013781,-0.00585204526335,0.0039287337386
200,-0.0414386471877,0.224533104343,0.0276673593973,-0.282730128361
201,-0.0369479851008,0.0290276702188,0.0220127568301,0.0185489538902
202,-0.0363674316964,0.223827130014,0.0223837359079,-0.267108216567
203,-0.0318908890961,0.0283929919915,0.0170415715766,0.0325498233565
204,-0.0313230292563,0.223266466427,0.0176925680437,-0.254707964125
205,-0.0268576999278,0.0278964249781,0.0125984087612,0.0435025758108
206,-0.0262997714282,0.222835475123,0.0134684602774,-0.245178959987
207,-0.0218430619258,0.0275237719266,0.00856488107768,0.0517216307432
208,-0.0212925864872,0.222521871931,0.00959931369254,-0.238246746695
209,-0.0168421490486,0.027264109012,0.00483437875864,0.0574485583838
210,-0.0162968668684,0.222316411257,0.00598334992632,-0.233705174215
211,-0.0118505386432,0.027109482266,0.00130924644202,0.0608590722944
212,-0.0113083489979,0.222212637257,0.00252642788791,-0.231410491025
213,-0.00686409625274,0.0270546766571,-0.00210178193259,0.0620682846385
214,-0.0063230027196,0.222206699438,-0.000860416239825,-0.231277026405
215,-0.00187886873084,0.027097053509,-0.00548595676793,0.061134371813
216,-0.00133692766066,0.222297229944,-0.00426326933167,-0.233274350033
217,0.00310901693822,0.027236452582,-0.00892875633232,0.0580607596373
218,0.00365374598986,0.222485280136,-0.00776754113957,-0.237425826932
219,0.00810345159257,0.0274751560625,-0.0125160576782,0.0527969006838
220,0.00865295471382,0.222774314619,-0.0114601196645,-0.243808516877
221,0.0131084410062,0.0278179127225,-0.0163362900021,0.0452376813928
222,0.0136647992606,-0.167066021251,-0.0154315363742,0.332721920438
223,0.0103234788356,0.028272135689,-0.00877709796545,0.0352128799484
224,0.0108889215494,0.2235188457,-0.00807284036648,-0.26022633783
225,0.0153592984634,0.028513062343,-0.0132773671231,0.0298994164648
226,0.0159295597103,-0.166415991687,-0.0126793787938,0.318363793835
227,0.0126012398765,0.0288842298703,-0.00631210291707,0.0217093720217
228,0.013178924474,0.224096131479,-0.00587791547664,-0.272958393027
229,0.0176608471035,0.0290585420276,-0.0113370833372,0.0178648400702
230,0.0182420179441,-0.165899002869,-0.0109797865358,0.306949333175
231,0.0149240378867,0.0293776701658,-0.00484079987229,0.0108239873519
232,0.01551159129,-0.165674524097,-0.00462432012525,0.301975661104
233,0.0121981008081,0.0295130288841,0.00141519309684,0.00783791682362
234,0.0127883613858,0.224614655684,0.00157195143331,-0.284398163687
235,0.0172806544995,0.0294703197436,-0.00411601184044,0.00878013209921
236,0.0178700608943,-0.165592361016,-0.00394040919846,0.300161570679
237,0.014558213674,0.029585532752,0.00206282221512,0.00623852558747
238,0.0151499243291,0.224677839501,0.00218759272686,-0.285792842612
239,0.0196434811191,0.0295247577548,-0.00352826412538,0.00757923131818
240,0.0202339762742,-0.165546415926,-0.00337667949901,0.299146863062
241,0.0169230479556,0.0296235038182,0.00260625776223,0.00540091054757
242,0.017515518032,0.224707980771,0.00271427597318,-0.286458572122
243,0.0220096776474,0.0295474255544,-0.00301489546925,0.00707917850551
244,0.0226006261585,-0.165531158317,-0.00287331189914,0.298809346499
245,0.0192900029922,0.0296316319859,0.00310287503083,0.00522161694489
246,0.0198826356319,0.224708946378,0.00320730736973,-0.28648070222
247,0.0243768145595,0.0295414017006,-0.00252230667468,0.00721205580709
248,0.0249676425935,-0.165544285416,-0.00237806555853,0.299098098251
249,0.0216567568851,0.0296114823084,0.00360389640649,0.00566612378129
250,0.0222489865313,0.224681563557,0.00371721888212,-0.285877554655
251,0.0267426178024,0.0295067961836,-0.00200033221099,0.00797543358898
252,0.0273327537261,0.224657377757,-0.00184082353921,-0.285337950404
253,0.0318259012813,0.0295617287353,-0.00754758254728,0.00676382548444
254,0.032417135856,-0.165451170707,-0.00741230603759,0.297055874657
255,0.0291081124418,0.0297756569856,-0.00147118854445,0.00204447971716
256,0.0297036255815,-0.165325164376,-0.0014302989501,0.294262865776
257,0.026397122294,0.0298171493556,0.00445495836542,0.00112918684154
258,0.0269934652811,0.224874927544,0.00447754210225,-0.290144823585
259,0.031490963832,0.0296894167453,-0.00132535436945,0.00394690073138
260,0.0320847521669,-0.165413501919,-0.00124641635482,0.296211367624
261,0.0287764821285,0.0297261958395,0.00467781099766,0.00313560204308
262,0.0293710060453,0.224780749125,0.00474052303852,-0.288067755347
263,0.0338666210278,0.0295915176265,-0.00102083206842,0.0061065106582
264,0.0344584513803,0.224728094145,-0.000898701855258,-0.286898326182
265,0.0389530132633,0.0296189709804,-0.0066366683789,0.00550102206803
266,0.0395453926829,-0.165407175166,-0.00652664793754,0.296082632632
267,0.0362372491795,0.0298072084312,-0.000604995284892,0.00134847302365
268,0.0368333933482,-0.165306061048,-0.000578025824419,0.293840455079
269,0.0335272721272,0.0298241264444,0.00529878327715,0.000975283153312
270,0.0341237546561,0.224869686083,0.00531828894022,-0.290031114084
271,0.0386211483777,0.0296723046776,-0.000482333341464,0.0043243868599
272,0.0392145944713,0.224801169932,-0.000395845604266,-0.288510682971
273,0.0437106178699,0.0296848658078,-0.00616605926369,0.00404737167972
274,0.0443043151861,-0.165348114869,-0.00608511183009,0.294778471369
275,0.0409973528887,0.0298600588509,-0.000189542402718,0.000182620147211
276,0.0415945540657,-0.16525917354,-0.000185889999774,0.292805738011
277,0.0382893705949,0.0298654275718,0.00567022476044,6.41897396589e-05
278,0.0388866791463,0.224905602377,0.00567150855523,-0.290824332217
279,0.0433847911939,0.0297032425822,-0.000144978089105,0.00364191290429
280,0.0439788560455,0.224827272698,-7.21398310191e-05,-0.289086752751
281,0.0484754014995,0.0297063502614,-0.00585387488604,0.00357342103142
282,0.0490695285047,-0.165331160784,-0.00578240646541,0.29440364559
283,0.045762905289,0.0298727502314,0.000105666446384,-9.73438129906e-05
284,0.0463603602937,0.22499318588,0.000103719570124,-0.292746929717
285,0.0508602240113,0.0298697559957,-0.00575121902421,-3.12929111514e-05
286,0.0514576191312,-0.165169244111,-0.00575184488244,0.290831519781
287,0.048154234249,0.0300342479874,6.4785513192e-05,-0.00365990790696
288,0.0487549192087,-0.16508863229,-8.41264494718e-06,0.289043458836
289,0.0454531465629,0.030033438892,0.00577245653178,-0.00364212124453
290,0.0460538153407,0.225072131025,0.00569961410689,-0.294498192461
291,0.0505552579612,0.0298693870227,-0.000190349742332,-2.31549294326e-05
292,0.0511526457017,-0.165249833786,-0.00019081284092,0.292599708157
293,0.047847649026,0.0298748375114,0.00566118132222,-0.000143392435241
294,0.0484451457762,0.224915143467,0.00565831347351,-0.291034784832
295,0.0529434486455,0.0297129703479,-0.000162382223119,0.00342732287454
296,0.0535377080525,0.224837249988,-9.38357656282e-05,-0.2893068331
297,0.0580344530523,0.0297166369738,-0.00587997242763,0.00334649741748
298,0.0586287857917,-0.165320495443,-0.00581304247928,0.294168436703
299,0.0553223758829,0.0298838480281,7.03262547914e-05,-0.000342156200632
300,0.0559200528434,-0.165239111702,6.34831307788e-05,0.29236295859
301,0.0526152706094,0.0298819343128,0.00591074230258,-0.000299945802244
302,0.0532129092957,0.224918620235,0.00590474338653,-0.291112116103
303,0.0577112817004,0.0297129745169,8.2501064469e-05,0.0034272324276
304,0.0583055411907,0.224833742454,0.000151045713021,-0.289229663169
305,0.0628022160398,0.0297096376712,-0.00563354755037,0.00350089810574
306,0.0633964087932,-0.165331069088,-0.00556352958825,0.294401061554
307,0.0600897874114,0.0298697571072,0.00032449164283,-3.1315493791e-05
308,0.0606871825536,0.224987053139,0.000323865332954,-0.292611843591
309,0.0651869236164,0.0298604857678,-0.00552837153887,0.000173208521492
310,0.0657841333317,-0.165181745959,-0.00552490736844,0.291106752379
311,0.0624804984125,0.0300185461521,0.000297227679134,-0.00331353149346
312,0.0630808693356,-0.165107666483,0.000230957049265,0.289463159466
313,0.0597787160059,0.0300109905931,0.00602022023859,-0.00314691696958
314,0.0603789358178,0.225046087975,0.0059572818992,-0.2939243275
315,0.0648798575773,0.02983971164,7.87953492012e-05,0.000631471747686
316,0.0654766518101,0.22496053273,9.14247841549e-05,-0.292026593147
317,0.0699758624647,0.0298372780714,-0.00574910707878,0.000685166505082
318,0.0705726080261,-0.165201752671,-0.00573540374867,0.291548649605
319,0.0672685729727,0.030001505371,9.55692434199e-05,-0.00293762104102
320,0.0678686030801,-0.16512181632,3.68168225995e-05,0.289775457517
321,0.0645661667537,0.0299996098891,0.00583232597293,-0.00289585745297
322,0.0651661589515,0.225037433524,0.00577440882387,-0.293732922996
323,0.069666907622,0.02983363298,-0.000100249636055,0.000765562966532
324,0.0702635802816,0.224957021782,-8.49383767243e-05,-0.291948992159
325,0.0747627207173,0.0298362817434,-0.00592391821991,0.000707144960606
326,0.0753594463521,-0.165200213008,-0.0059097753207,0.291515132049
327,0.072055442092,0.0300055022515,-7.94726797241e-05,-0.00302579145105
328,0.072655552137,-0.165115309124,-0.000139988508745,0.28963205972
329,0.0693532459545,0.030008637999,0.00565265268566,-0.00309501471795
330,0.0699534187145,0.225049067689,0.0055907523913,-0.293989114207
331,0.0744544000683,0.0298478564209,-0.000289029892847,0.000451799366081
332,0.0750513571967,-0.165269948495,-0.000279993905525,0.293043519727
333,0.0717459582268,0.0298559936699,0.00558087648902,0.000272299746232
334,0.0723430781002,0.224897464123,0.00558632248394,-0.290644580677
335,0.0768410273827,0.0296963046444,-0.000226569129595,0.00379496008915
336,0.0774349534756,0.224821504461,-0.000150669927812,-0.288959443446
337,0.0819313835648,0.0297017021187,-0.00592985879674,0.00367595978582
338,0.0825254176071,-0.165334706513,-0.00585633960102,0.294482060897
339,0.0792187234769,0.0298702459322,3.33016169149e-05,-4.21006193511e-05
340,0.0798161283955,0.224991719542,3.24596045279e-05,-0.292714520196
341,0.0843159627864,0.0298693055326,-0.0058218307994,-2.13562127807e-05
342,0.084913348897,-0.165168670306,-0.00582225792365,0.290819041052
343,0.0816099754909,0.0300358141388,-5.87710261736e-06,-0.00369445690607
344,0.0822106917737,-0.165086052794,-7.97662407387e-05,0.28898661562
345,0.0789089707178,0.0300370358002,0.00569996607166,-0.00372146761499
346,0.0795097114338,0.225076779352,0.00562553671936,-0.29460054943
347,0.0840112470208,0.029875079738,-0.000266474269237,-0.000148734037054
348,0.0846087486156,-0.165243048837,-0.000269448949978,0.292450105
349,0.0813038876389,0.029882743155,0.00557955315002,-0.000317790353357
350,0.081901542502,0.224924232796,0.00557319734295,-0.291235090774
351,0.0864000271579,0.029723260234,-0.000251504472538,0.00320033233349
352,0.0869944923626,0.22484881749,-0.000187497825869,-0.289561936608
353,0.0914914687124,0.0297295404279,-0.00597873655802,0.00306184948024
354,0.0920860595209,-0.165306158946,-0.00591749956842,0.293852431775
355,0.088779936342,0.0298996572381,-4.04509329119e-05,-0.000690900623735
356,0.0893779294868,-0.165221713833,-5.42689453866e-05,0.291979263168
357,0.0860734952101,0.0299010111273,0.00578531631798,-0.000720778910314
358,0.0866715154327,0.224939516652,0.00577090073978,-0.291572767764
359,0.0911703057657,0.0297357584228,-6.05546155006e-05,0.002924629297
360,0.0917650209341,0.224858578031,-2.0620295605e-06,-0.289777402636
361,0.0962621924948,0.0297366562154,-0.00579761008228,0.00290487385046
362,0.0968569256191,-0.165301671023,-0.00573951260527,0.293752960144
363,0.0935508921986,0.0299016377026,0.000135546597614,-0.000734587608217
364,0.0941489249527,-0.165222257191,0.000120854845449,0.291991102743
365,0.0908444798088,0.0298979706373,0.00596067690031,-0.000653705537388
366,0.0914424392216,0.224933932019,0.00594760278956,-0.291450021822
367,0.095941117862,0.0297276836204,0.000118602353127,0.00310275678633
368,0.0965356715344,0.224847933709,0.000180657488854,-0.289542747196
369,0.101032630209,0.0297234068387,-0.00561019745507,0.00319715163436
370,0.101627098345,-0.165317638509,-0.00554625442238,0.294104726181
371,0.0983207455751,0.029882945097,0.000335840101232,-0.000322236265204
372,0.0989184044771,0.225000078268,0.000329395375928,-0.292899182529
373,0.103418406042,0.0298734321559,-0.00552858827465,-0.000112387000283
374,0.104015874686,-0.165168796428,-0.00553083601465,0.290821088073
375,0.100712498757,0.0300315801733,0.000285585746816,-0.00360105593238
376,0.10131313036,-0.165094465595,0.000213564628169,0.289171962993
377,0.0980112410486,0.0300244395665,0.00599700388804,-0.00344360007475
378,0.0986117298399,0.225059873873,0.00592813188654,-0.294228382276
379,0.103112927317,0.0298539091897,4.35642410187e-05,0.000318280274555
380,0.103710005501,0.224975235607,4.99298465098e-05,-0.292350901187
381,0.108209510213,0.0298525725195,-0.00579708817723,0.000347772454422
382,0.108806561664,-0.165185762243,-0.00579013272814,0.291196024356
383,0.105502846419,0.0300182682513,3.37877589816e-05,-0.00330740265444
384,0.106103211784,-0.165104167517,-3.23602941072e-05,0.289386184433
385,0.102801128433,0.0300182451372,0.00575536339455,-0.00330694832241
386,0.103401493336,0.225057185192,0.0056892244281,-0.294168445539
387,0.10790263704,0.029854586537,-0.000194144482679,0.000303336783341
388,0.108499728771,-0.165264579829,-0.000188077747012,0.292925002338
389,0.105194437174,0.0298600524516,0.00567042229975,0.000182764237324
390,0.105791638223,0.224900224393,0.0056740775845,-0.290705695019
391,0.110289642711,0.0296978280026,-0.000140036315881,0.00376135600875
392,0.110883599271,0.224821787266,-6.48091957057e-05,-0.288965750693
393,0.115380035016,0.0297007602854,-0.00584412420957,0.00369673525947
394,0.115974050222,-0.165336892222,-0.00577018950438,0.294530055342
395,0.112667312378,0.0298668462263,0.000120411602455,3.28958491124e-05
396,0.113264649302,0.22498707036,0.000121069519437,-0.292612037219
397,0.117764390709,0.0298633931493,-0.00573117122494,0.000109070891007
398,0.118361658572,-0.165175897737,-0.00572898980712,0.290978247375
399,0.115058140618,0.0300272717644,9.05751403866e-05,-0.00350601556015
400,-0.000980995995899,0.167751534822,-0.0300022673693,-0.310989629234
401,0.00237403470055,-0.0269304099853,-0.036222059954,-0.0279174757072
402,0.00183542650084,-0.221514693198,-0.0367804094681,0.253120536552
403,-0.00259486736313,-0.0258873866896,-0.0317179987371,-0.0509329648184
404,-0.00311261509692,-0.220540516662,-0.0327366580334,0.231576343924
405,-0.00752342543016,-0.0249664523903,-0.0281051311549,-0.0712504290857
406,-0.00802275447796,-0.219674435642,-0.0295301397367,0.212434382948
407,-0.0124162431908,-0.0241429977715,-0.0252814520777,-0.0894155006459
408,-0.0128991031462,-0.218893621619,-0.0270697620906,0.195185128526
409,-0.0172769755786,-0.023395125601,-0.0231660595201,-0.105912718319
410,-0.0177448780906,-0.218177566583,-0.0252843138865,0.179372334453
411,-0.0221084294223,-0.022703091325,-0.0216968671974,-0.121178455075
412,-0.0225624912488,-0.2175075771,-0.0241204362989,0.164581119049
413,-0.0269126427908,-0.0220487941777,-0.0208288139179,-0.135612492364
414,-0.0273536186743,-0.216866306339,-0.0235410637652,0.150427160003
415,-0.0316909448011,-0.0214153102388,-0.0205325205652,-0.149588534888
416,-0.0321192510059,-0.216237317079,-0.0235242912629,0.136546740196
417,-0.0364439973475,-0.0207864581825,-0.020793356459,-0.163463934902
418,-0.0368597265111,-0.215604667755,-0.0240626351571,0.122587401212
419,-0.0411718198662,-0.0201463883861,-0.0216108871328,-0.177588874716
420,-0.041574747634,-0.214952513167,-0.0251626646271,0.108198973544
421,-0.0458737978973,-0.0194791863094,-0.0229986851563,-0.192315240025
422,-0.0462633816235,-0.214264711379,-0.0268449899568,0.0930247612938
423,-0.0505486758511,-0.0187684814561,-0.0249844947309,-0.208005405288
424,-0.0509240454802,-0.213524428436,-0.0291446028366,0.0766926640064
425,-0.0551945340489,-0.408216710216,-0.0276107495565,0.360039765329
426,-0.0633588682532,-0.212713375854,-0.0204099542499,0.0587800096717
427,-0.0676131357703,-0.0173048214121,-0.0192343540565,-0.240271883612
428,-0.0679592321986,-0.212146801363,-0.0240397917287,0.0462824737041
429,-0.0722021682258,-0.406915935374,-0.0231141422547,0.331284741245
430,-0.0803404869333,-0.211472725254,-0.0164884474298,0.0314032834841
431,-0.0845699414384,-0.406354390328,-0.0158603817601,0.318838661402
432,-0.0926970292449,-0.21101018436,-0.00948360853202,0.0211964493096
433,-0.0969172329321,-0.405994855932,-0.00905967954583,0.310872165132
434,-0.105037130051,-0.210745009512,-0.00284223624319,0.0153459053275
435,-0.109252030241,-0.0155824126978,-0.00253531813664,-0.278232423788
436,-0.109563678495,-0.210668103627,-0.0080999666124,0.0136497893874
437,-0.113777040568,-0.405672959887,-0.00782697082465,0.303766114064
438,-0.121890499765,-0.21044034276,-0.00175164854338,0.00862505257817
439,-0.12609930662,-0.0152933143271,-0.00157914749181,-0.284610025406
440,-0.126405172907,-0.210392707495,-0.00727134799993,0.00757443028552
441,-0.130613027057,-0.405409626573,-0.00711985939422,0.297954318189
442,-0.138721219588,-0.210186910366,-0.00116077303044,0.00303444510045
443,-0.142924957796,-0.405292195191,-0.00110008412843,0.295350907982
444,-0.151030801699,-0.21015457807,0.00480693403121,0.00232123474545
445,-0.155233893261,-0.01510189401,0.00485335872612,-0.288841177933
446,-0.155535931141,-0.210292716951,-0.000923464832535,0.0053684900469
447,-0.15974178548,-0.0151575341045,-0.000816095031597,-0.287605658039
448,-0.160044936162,-0.210267837682,-0.00656820819238,0.00481976795603
449,-0.164250292916,-0.405294978412,-0.00647181283326,0.295423129448
450,-0.172356192484,-0.210081363828,-0.000563350244307,0.000706140157652
451,-0.176557819761,-0.405195231252,-0.000549227441154,0.293211269889
452,-0.184661724386,-0.210065453683,0.00531499795662,0.000355174820868
453,-0.188863033459,-0.0150201290335,0.00532210145304,-0.290646077714
454,-0.18916343604,-0.210217562366,-0.000490820101247,0.00371061604393
455,-0.193367787287,-0.0150885755151,-0.000416607780368,-0.289127130081
456,-0.193669558798,-0.210204583469,-0.00619915038198,0.00342437376761
457,-0.197873650467,-0.405237083741,-0.00613066290663,0.294144964409
458,-0.205978392142,-0.210028266381,-0.000247763618443,-0.000465162556036
459,-0.210178957469,-0.405146663431,-0.000257066869563,0.292139581533
460,-0.218281890738,-0.210021047845,0.0055857247611,-0.000624409834475
461,-0.222482311695,-0.0149796476894,0.00557323656441,-0.291539751523
462,-0.222781904649,-0.210180619839,-0.000257558466057,0.00289568243287
463,-0.226985517046,-0.015054975804,-0.000199644817399,-0.289868496101
464,-0.227286616562,-0.210174079621,-0.00599701473941,0.00275145821691
465,-0.231490098154,-0.405209513745,-0.00594198557507,0.293536236935
466,-0.239594288429,-0.210003351555,-7.12608363676e-05,-0.00101477070841
467,-0.24379435546,-0.405124280717,-9.15562505358e-05,0.291645671606
468,-0.251896841074,-0.210001024164,0.00574135718159,-0.001066129534
469,-0.256096861558,-0.0149618810107,0.00572003459091,-0.291932072707
470,-0.256396099178,-0.210164921192,-0.000118606863228,0.00254937847071
471,-0.260599397602,-0.0150412691778,-6.76192938136e-05,-0.290170967909
472,-0.260900222985,-0.210162256127,-0.005871038652,0.00249063177322
473,-0.265103468108,-0.405199518127,-0.00582122601653,0.293315407272
474,-0.27320745847,-0.209995056505,4.50821289133e-05,-0.00119775483558
475,-0.2774073596,-0.40511765424,2.11270322018e-05,0.291499395614
476,-0.285509712685,-0.209996004268,0.00585111494448,-0.00117686793112
477,-0.289709632771,-0.0149584532471,0.00582757758586,-0.292007968585
478,-0.290008801836,-0.210163008714,-1.25817858395e-05,0.00250719078616
479,-0.29421206201,-0.0150408770561,3.75620298838e-05,-0.290179705723
480,-0.294512879551,-0.210163363864,-0.00576603208458,0.00251506751917
481,-0.298716146828,-0.405202149145,-0.0057157307342,0.293373178055
482,-0.306820189811,-0.209999174326,0.000151732826909,-0.00110691697292
483,-0.311020173298,-0.405123301288,0.00012959448745,0.291623879551
484,-0.319122639323,-0.21000319813,0.00596207207847,-0.00101817194866
485,-0.323322703286,-0.0149672569894,0.00594170863949,-0.291814045263
486,-0.323622048426,-0.210173421122,0.000105427734225,0.00273688435809
487,-0.327825516848,-0.0150529820486,0.000160165421387,-0.289912776872
488,-0.328126576489,-0.210177216775,-0.00563809011605,0.00282066009702
489,-0.332330120825,-0.405217857637,-0.00558167691411,0.293719381718
490,-0.340434477978,-0.210016773439,0.000292710720256,-0.000718687947759
491,-0.344634813446,-0.0148990213429,0.000278336961301,-0.293309246604
492,-0.344932793873,-0.210024939854,-0.00558784797078,-0.000538549109084
493,-0.34913329267,-0.405066309222,-0.00559861895296,0.290376118716
494,-0.357234618855,-0.209864975532,0.000208903421357,-0.00406727833456
495,-0.361431918365,-0.404989922105,0.000127557854665,0.288681552745
496,-0.369531716807,-0.209869790113,0.00590118890956,-0.00396114085268
497,-0.37372911261,-0.0148329654912,0.00582196609251,-0.294776344355
498,-0.37402577192,-0.210037432661,-7.35607945855e-05,-0.000262957608247
499,-0.378226520573,-0.405158328834,-7.88199467505e-05,0.292396758986
500,-0.386329687149,-0.210035253884,0.00576911523296,-0.000311025594298
501,-0.390530392227,-0.0149965133595,0.00576289472107,-0.291168157364
502,-0.390830322494,-0.210200160087,-6.04684262097e-05,0.00332673223542
503,-0.395034325696,-0.0150773417145,6.06621849869e-06,-0.289375272505
504,-0.39533587253,-0.210199379436,-0.00578143923161,0.00330956754029
505,-0.399539860119,-0.405237941259,-0.0057152478808,0.294162787244
506,-0.407644618944,-0.210034975832,0.000168007864071,-0.000317152548734
507,-0.411845318461,-0.0149154344937,0.000161664813097,-0.292947066113
508,-0.412143627151,-0.210039690315,-0.00569727650917,-0.000213156751636
509,-0.416344420957,-0.405079472796,-0.0057015396442,0.29066677866
510,-0.424446010413,-0.209876689187,0.000111795929007,-0.00380888116669
511,-0.428643544197,-0.405000243544,3.56183056737e-05,0.288909316542
512,-0.436743549068,-0.20987880026,0.00581380463652,-0.003762376415
513,-0.440941125073,-0.0148407079099,0.00573855710822,-0.294605321757
514,-0.441237939231,-0.210044000363,-0.000153549326923,-0.000118077719503
515,-0.445438819238,-0.405163749124,-0.000155910881313,0.29251639847
516,-0.453542094221,-0.210039575277,0.00569441708808,-0.000215696543048
517,-0.457742885726,-0.0149997513244,0.00569010315722,-0.291096539581
518,-0.458042880753,-0.210202372345,-0.000131827634395,0.00337553316681
519,-0.4622469282,-0.0150785307734,-6.43169710587e-05,-0.289348983971
520,-0.462548498815,-0.210199564788,-0.00585129665048,0.00331365725578
521,-0.466752490111,-0.405237113227,-0.00578502350536,0.294144700306
522,-0.474857232375,-0.210033164475,9.78705007587e-05,-0.000357110664712
523,-0.479057895665,-0.405156519164,9.07282874644e-05,0.292356693894
524,-0.487161026048,-0.210035861673,0.00593786216535,-0.0002976170216
525,-0.491361743282,-0.0149995692465,0.00593190982491,-0.291101176986
526,-0.491661734667,-0.210205597741,0.000109886285195,0.00344668541448
527,-0.495865846621,-0.0150852226227,0.000178819993484,-0.289201568928
528,-0.496167551074,-0.210209723335,-0.00560521138508,0.00353775053821
529,-0.500371745541,-0.405250840996,-0.00553445637431,0.294446907615
530,-0.50847676236,-0.210050424805,0.00035448177798,2.36457215013e-05
531,-0.512677770857,-0.0149335591664,0.00035495469241,-0.292547416707
532,-0.51297644204,-0.210060569519,-0.00549599364174,0.000247437060287
533,-0.51717765343,-0.405103270657,-0.00549104490053,0.291191256195
534,-0.525279718843,-0.209903456289,0.000332780223376,-0.0032184102695
535,-0.529477787969,-0.405030178479,0.000268412017986,0.289569494193
536,-0.537578391539,-0.209912055752,0.00605980190184,-0.00302876622316
537,-0.541776632654,-0.0148775328127,0.00599922657738,-0.293793608366
538,-0.54207418331,-0.210084500403,0.000123354410055,0.000775335839246
539,-0.546275873318,-0.0149643184832,0.00013886112684,-0.291868668617
540,-0.546575159688,-0.210088249358,-0.0056985122455,0.000858050045281
541,-0.550776924675,-0.405128013922,-0.00568135124459,0.29173759322
542,-0.558879484953,-0.209925518335,0.000153400619805,-0.0027317329308
543,-0.56307799532,-0.405049669207,9.87659611894e-05,0.289999589715
544,-0.571178988704,-0.209929126471,0.00589875775549,-0.00265218576791
545,-0.575377571234,-0.0148922666255,0.00584571404013,-0.293468161047
546,-0.575675416566,-0.21009707277,-2.36491808114e-05,0.00105267536408
547,-0.579877358021,-0.0149747823942,-2.59567352975e-06,-0.291637712976
548,-0.580176853669,-0.210096696603,-0.00583534993306,0.00104439520829
549,-0.584378787601,-0.405134476329,-0.00581446202889,0.291880500698
550,-0.592481477128,-0.20993010525,2.31479850621e-05,-0.00263054854095
551,-0.596680079233,-0.405052388438,-2.94629857568e-05,0.29005968167
552,-0.604781127002,-0.209930017107,0.00577173064764,-0.00263253731758
553,-0.608979727344,-0.0148913144807,0.00571907990129,-0.293488838906
554,-0.609277553634,-0.210094336121,-0.000150696876837,0.000992305385903
555,-0.613479440356,-0.0149702240125,-0.000130850769119,-0.291738164336
556,-0.613778844836,-0.210090309261,-0.00596561405583,0.000903490905951
557,-0.617980651021,-0.405126199004,-0.00594754423771,0.291698239623
558,-0.626083175002,-0.20991995227,-0.000113579445249,-0.00285451937598
559,-0.630281574047,-0.405040274411,-0.000170669832769,0.289792569591
560,-0.638382379535,-0.209915889936,0.00562518155904,-0.00294417979062
561,-0.642580697334,-0.0148750618789,0.00556629796323,-0.293846998522
562,-0.642878198571,-0.21007592887,-0.000310642007217,0.000586249097114
563,-0.647079717149,-0.405193423652,-0.000298917025274,0.293171148399
564,-0.655183585622,-0.210067211865,0.0055645059427,0.00039396219182
565,-0.659384929859,-0.0150255040456,0.00557238518654,-0.290528113831
566,-0.65968543994,-0.210226467394,-0.00023817709009,0.00390705801018
567,-0.663889969288,-0.0151011011798,-0.000160035929886,-0.288851007073
568,-0.664191991312,-0.210220769911,-0.00593705607134,0.00378144171321
569,-0.66839640671,-0.405257074116,-0.00586142723708,0.294585257733
570,-0.676501548192,-0.210052050342,3.02779175829e-05,5.95022130637e-05
571,-0.680702589199,-0.0149305333654,3.14679618442e-05,-0.29261387141
572,-0.681001199866,-0.210052933239,-0.00582080946636,7.89798356987e-05
573,-0.685202258531,-0.405090923893,-0.00581922986965,0.29091970133
574,-0.693304077009,-0.209886482451,-8.35843038859e-07,-0.00359284705255
575,-0.697501806658,-0.405008421684,-7.26927840898e-05,0.289089816058
576,-0.705601975092,-0.209885433946,0.00570910353707,-0.00361603645424
577,-0.709799683771,-0.014845822922,0.00563678280798,-0.29449221786
578,-0.710096600229,-0.2100476814,-0.000253061549218,-3.68764193505e-05
579,-0.714297553857,-0.405166002433,-0.000253799077605,0.292566195663
580,-0.722400873906,-0.210040433477,0.00559752483566,-0.000196765272054
581,-0.726601682575,-0.0149992044259,0.00559358953022,-0.291108361837
582,-0.726901666664,-0.210200464886,-0.000228577706524,0.00333345498316
583,-0.731105675961,-0.0150752362764,-0.00016190860686,-0.28942158213
584,-0.731407180687,-0.210194878347,-0.00595034024947,0.00321027600869
585,-0.735611078254,-0.405230989775,-0.0058861347293,0.294009874289
586,-0.743715698049,-0.210025615977,-5.93724351008e-06,-0.000523627640401
587,-0.747916210369,-0.405147482047,-1.64097963181e-05,0.29215742591
588,-0.75601916001,-0.210025296858,0.00582673872189,-0.000530676314962
589,-0.760219665947,-0.0149873922152,0.00581612519559,-0.29136951552
590,-0.760519413791,-0.210191788421,-1.12651148084e-05,0.00314205753964
591,-0.76472324956,-0.015069675645,5.15760359844e-05,-0.289544423549
592,-0.765024643073,-0.210192362284,-0.005739312435,0.00315476937436
593,-0.769228490318,-0.405231535145,-0.00567621704751,0.294021361686
594,-0.777333121021,-0.210029119333,0.000204210186215,-0.000446343909751
595,-0.781533703408,-0.0149100973818,0.00019528330802,-0.29306483294
596,-0.781831905355,-0.210034832342,-0.00566601335078,-0.000320322788279
597,-0.786032602002,-0.405075068223,-0.00567241980654,0.290569535898
598,-0.794134103367,-0.209872694763,0.000138970911423,-0.00389699610983
599,-0.798331557262,-0.404996638751,6.10309892265e-05,0.288829774494
