0,0.003173476651221304,0.17024231308462168,-0.040689880734250831,-0.31140072122812018
1,0.0065783229129137378,-0.024277025713335287,-0.046917895158813235,-0.031822748190411643
2,0.0060927823986470318,-0.2186958469619972,-0.047554350122621471,0.24569576254458392
3,0.0017188654594070879,-0.41310748159629357,-0.04264043487172979,0.52300783234981241
4,-0.006543284172518783,-0.21741214037761941,-0.032180278224733544,0.21719915175302823
5,-0.010891526980071172,-0.41205963468501289,-0.027836295189672979,0.49955985892543442
6,-0.01913271967377143,-0.21655653454578494,-0.017845098011164288,0.19823600299604494
7,-0.023463850364687129,-0.41141875939134742,-0.013880377951243389,0.48523662108871674
8,-0.031692225552514081,-0.21610371045445048,-0.0041756455294690541,0.18821156991475002
9,-0.036014299761603093,-0.020922268383896547,-0.00041141413117405353,-0.10578567702293235
10,-0.036432745129281026,-0.21603832139853565,-0.0025271276716327005,0.18676742197863411
11,-0.040753511557251737,-0.020880304821903728,0.0012082207679399819,-0.10671164286735002
12,-0.041171117653689811,-0.21601954941192567,-0.00092601208940701861,0.18635222718923417
13,-0.045491508641928323,-0.020884361448443328,0.0028010324543776646,-0.1066226767752933
14,-0.045909195870897188,-0.21604634025714842,0.0006685789188717985,0.18694264550439038
15,-0.050230122676040156,-0.020933961021140923,0.0044074318289596057,-0.10552929575101988
16,-0.050648801896462974,-0.21611879512964052,0.0022968459139392082,0.18854089251314227
17,-0.054971177799055783,-0.021029779576501512,0.0060676637642020533,-0.10341658681769622
18,-0.055391773390585812,-0.21623815866352275,0.0039993320278481287,0.1911744738565952
19,-0.059716536563856268,-0.021173648796208033,0.0078228215049800324,-0.10024415047333751
20,-0.06014000953978043,-0.21640683525809293,0.0058179384955132822,0.19489655463388667
21,-0.064468146244942293,-0.021368587354947788,0.0097158695881910152,-0.095945401665877506
22,-0.064895517992041254,-0.21662843368471846,0.0077969615548734647,0.19978696453375838
23,-0.069228086665735628,-0.021618861583279386,0.011792700845548633,-0.090426218836552663
24,-0.069660463897401215,-0.21690784052901657,0.0099841764688175794,0.20595385470248811
25,-0.073998620707981549,-0.021930076440874663,0.014103253562867343,-0.083562915346132305
26,-0.074437222236799036,-0.21725132358640961,0.012431995255944697,0.21353603764601337
27,-0.078782248708527222,-0.022309298432363872,0.016702716008864964,-0.075199491043435651
28,-0.079228434677174497,-0.21766666684527772,0.01519872618799625,0.22270605700418261
29,-0.083581768014080057,-0.022765212697613807,0.019652847328079901,-0.065144104537693648
30,-0.084037072268032337,-0.218163339131517,0.01834996523732603,0.23367405000711539
31,-0.088400339050662677,-0.023308317041464771,0.02302344623746834,-0.053164688620010947
32,-0.088866505391491976,-0.21875269879815387,0.02196015246506812,0.246692481915749
33,-0.093241559367455054,-0.023951156078318242,0.026894002103383101,-0.038983612046189831
34,-0.093720582489021417,-0.2194482369326583,0.026114329862459304,0.26206184870359356
35,-0.098109547227674579,-0.024708598854066899,0.031355566836531179,-0.022271270477183636
36,-0.098603719204755913,-0.22026586127155071,0.030910141426987506,0.2801374613643039
37,-0.10300903643018693,-0.025598163100709254,0.036512890654273586,-0.0026384679329309879
38,-0.1035209996922011,0.1689816324356273,0.036460121295614968,-0.28358121904403849
39,-0.10014136704348855,-0.026640867550025982,0.030788496914734197,0.020374416754438851
40,-0.10067418439448908,0.16802632500738823,0.031195985249822974,-0.26243759655823634
41,-0.097313657894341321,-0.027526715632808174,0.025947233318658246,0.039919375468600804
42,-0.097864192206997491,0.16721373030874315,0.02674562082803026,-0.24446533527089082
43,-0.094519917600822623,-0.028279820218830298,0.021856314122612443,0.056532390324247506
44,-0.095085514005199226,0.1665220394953677,0.022986961929097393,-0.22917536484438888
45,-0.091755073215291874,-0.028920729363320796,0.018403454632209614,0.070668909476652386
46,-0.092333487802558289,0.16593261032878584,0.019816832821742663,-0.2161512954684684
47,-0.089014835595982569,-0.029466951642686506,0.015493806912373294,0.082716265839307801
48,-0.089604174628836297,0.16542951156398975,0.017148132229159448,-0.20503834284041755
49,-0.086295584397556496,-0.029933414346899029,0.013047365372351096,0.093004264787866942
50,-0.08689425268449448,0.16499912192916849,0.014907450668108436,-0.19553383532140561
51,-0.083594270245911109,-0.030332860198368283,0.010996773961680324,0.10181420986297074
52,-0.084200927449878477,0.16462978006450535,0.013033058158939738,-0.18737908184270413
53,-0.080908331848588366,-0.030676189401158321,0.0092854765220856551,0.10938660223868163
54,-0.081521855636611532,0.16431148044402399,0.011473208566859287,-0.18035240286262572
55,-0.078235626027731056,-0.030972754003405323,0.007866160509606774,0.11592771872681767
56,-0.078855081107799166,0.16403560986080748,0.010184714884143128,-0.17426314995253889
57,-0.075574368910583015,-0.031230611240375711,0.0066994518850923505,0.12161524524893408
58,-0.076198981135390531,0.16379471910662982,0.0091317567900710325,-0.168946561234603
59,-0.07292308675325794,-0.031456741982333059,0.0057528255653789724,0.12660311830178667
60,-0.073552221592904601,0.1635823247803545,0.0082848879314147052,-0.16425931935473176
61,-0.070280575097297515,-0.031657239791008873,0.0049997015443200704,0.13102570590668494
62,-0.070913719893117691,0.16339273657315689,0.0076202156624537694,-0.16007569576657993
63,-0.06764586516165455,-0.031837475473276117,0.0044187017471221703,0.13500144164201355
64,-0.068282614671120068,0.16322090582081331,0.0071187305799624411,-0.15628417984235826
65,-0.065018196554703797,-0.032002241452990632,0.0039930469831152759,0.13863601031967726
66,-0.06565824138376361,0.16306229153830609,0.0067657671895088208,-0.15278450383325703
67,-0.062396995552997492,-0.032155879781451985,0.0037100771128436801,0.14202517137752796
68,-0.063040113148626536,0.1629127405356279,0.0065505805403942392,-0.14948498513984693
69,-0.059781858337913982,-0.032302397180460324,0.0035608808375973008,0.14525729583583352
70,-0.06042790628152319,0.16276837854423201,0.0064660267543139712,-0.14630011589493436
71,-0.05717253871063855,-0.032445570159729847,0.0035400244364152842,0.14841568445292319
72,-0.057821450113833148,0.16262550955640256,0.0065083381254737484,-0.14314833667279009
73,-0.054568939922705097,-0.032589042969497106,0.0036453713920179464,0.15158072829677544
74,-0.055220720782095035,0.16248052079398517,0.0066769859579534551,-0.13994993636457065
75,-0.05197111036621533,-0.03273642093531029,0.0038779872306620423,0.15483196814726446
76,-0.052625838784921539,0.16232979087927846,0.0069746265936073311,-0.13662502402014032
77,-0.049379242967335972,-0.032891361570837246,0.0042421261132045245,0.15825010581692273
78,-0.050037070198752719,0.16216959888093982,0.007407128229542979,-0.13309152084381998
79,-0.046793678221133922,-0.033057665772062539,0.0047452978126665789,0.16191901852030821
80,-0.047454831536575176,0.16199603195299142,0.0079836781830727437,-0.12926312160974068
81,-0.04421491089751535,-0.033239371359020664,0.0053984157508779294,0.16592782675978729
82,-0.044879698324695766,0.16180488927662268,0.0087169722860736751,-0.12504717456675096
83,-0.041643600539163314,-0.033440851246288622,0.0062160287947386553,0.17037306678503483
84,-0.042312417564089086,0.16159157995330667,0.0096234901304393522,-0.12034242744013446
85,-0.039080585965022951,-0.033666918588174138,0.0072166415816366635,0.17536102050828073
86,-0.039753924336786435,0.16135101238442998,0.010723861991802279,-0.1150365843868415
87,-0.036526904089097839,-0.033922941355995051,0.0084231303040654491,0.18101025882493826
88,-0.037205362916217739,0.1610774725080526,0.012043335480564214,-0.10900361467463043
89,-0.033983813466056688,-0.034214968959167757,0.0098632631870716053,0.18745445862784327
90,-0.034668112845240046,0.16076448804944693,0.013612352359628471,-0.10210074836013683
91,-0.031452823084251104,-0.034549873712853868,0.011570337392425734,0.19484555945630033
92,-0.032143820558508181,0.16040467568290911,0.01546724858155174,-0.094165087240494549
93,-0.02893572704485,-0.034935510172240031,0.013583946836741849,0.2033573327393749
94,-0.029634437248294801,0.15998956770666911,0.017651093491529348,-0.085009750734520495
95,-0.026434645894161418,-0.035380895579356253,0.015950898476838938,0.21318944502264375
96,-0.027142263805748544,0.15950941451719824,0.020214687377291814,-0.074419465991776568
97,-0.02395207551540458,-0.035896414872519544,0.018726298057456282,0.22457210643112135
98,-0.02467000381285497,0.15895295886413804,0.023217740186078709,-0.062145499319686104
99,-0.021490944635572211,-0.036494053840750135,0.021974830199684988,0.23777140688547332
100,-0.022220825712387215,0.15830717762547392,0.026730258337394456,-0.047899811887865018
101,-0.019054682159877736,-0.03718766398317086,0.025772262099637157,0.25309545511664128
102,-0.019798435439541153,0.15755698675470242,0.030834171201969983,-0.031348306631142242
103,-0.016647295704447104,-0.037993262322159826,0.030207205069347137,0.27090144899559049
104,-0.017407160950890302,0.15668490526812559,0.03562523404925895,-0.012103015515734339
105,-0.014273462845527791,0.35127831246164209,0.035383173738944264,-0.29333631519898012
106,-0.0072478965962949485,0.1556702195809605,0.029516447434964663,0.010292654416822644
107,-0.0041344922046757382,0.35035670337883479,0.029722300523301114,-0.27293329379979681
108,0.0028726418629009577,0.15482353721224501,0.024263634647305177,0.028973982077739435
109,0.0059691126071458583,0.34958928048362536,0.024843114288859967,-0.25595583094032021
110,0.012960898216818366,0.15412160233730596,0.019723997670053561,0.044458336151055711
111,0.016043330263564484,0.3489552485307349,0.020613164393074677,-0.24193680766466885
112,0.023022435234179184,0.15354500967705104,0.015774428239781299,0.057176121259732482
113,0.026093335427720205,0.34843727218609166,0.01691795066497595,-0.23048841202823878
114,0.033062080871442037,0.15307770685994623,0.012308182424411174,0.067482640762470403
115,0.036123635008640964,0.34802105245419634,0.013657835239660581,-0.22129171446601037
116,0.04308405605772489,0.15270657042260485,0.009232000950340373,0.075667962776675535
117,0.04613818746617699,0.34769496435283381,0.010745360205873883,-0.21408799436044779
118,0.053092086753233667,0.15242105099003753,0.0064636003186649268,0.081965040803953504
119,0.05614050777303442,0.34744975348661378,0.0081029011347439964,-0.20867161674956008
120,0.063089502842766695,0.15221288204629549,0.0039294687997527946,0.086556303327173567
121,0.0661337604836926,0.3472782878487739,0.0056605948662962662,-0.20488428556186655
122,0.073079326240668083,0.15207584662959883,0.0015629091550589348,0.089578891226172852
123,0.076120843173260067,-0.043068471843687867,0.003354486979582392,0.38275450653361742
124,0.075259473736386306,0.15200569031742128,0.011009577110254741,0.091131126928958139
125,0.078299587542734736,0.34696812098164009,0.012832199648833904,-0.19805804530266968
126,0.085238949962367541,0.15166500153639831,0.0088710387427805102,0.098645077613790877
127,0.088272249993095506,0.34665869718683023,0.010843940295056328,-0.19122590593449212
128,0.095205423936832109,0.15138330716773335,0.0070194221763664856,0.10485801325035427
129,0.098233090080186783,0.34640396511022903,0.0091165824413735712,-0.18560207368490084
130,0.10516116938239137,0.15115276974874819,0.0054045409676755545,0.1099427867532724
131,0.10818422477736633,0.34619686033065339,0.0076033967027410027,-0.18103014902933751
132,0.1151081619839794,0.15096693840624328,0.0039827937221542523,0.11404164606836886
133,0.11812750075210426,0.34603159526732419,0.0062636266435216296,-0.17738208028653429
134,0.12504813265745074,0.15082056948477687,0.0027159850377909437,0.11727020855960424
135,0.12806454404714629,0.3459035008401552,0.0050613892089830283,-0.17455461057184884
136,0.1349826140639494,0.15070947946801017,0.0015702969975460515,0.11972071325777617
137,0.1379968036533096,0.34580889712465246,0.003964711262701575,-0.17246638528782815
138,0.14491298159580265,0.1506304262782778,0.00051538355694501214,0.1214646420439231
139,0.14792559012136822,0.3457449897708339,0.0029446763978234741,-0.17105564156609937
140,0.1548404899167849,0.15058101571207444,-0.00047643643349851335,0.12255478391522373
141,0.15785211023102638,0.34570978950392528,0.0019746592448059612,-0.17027841585924708
142,0.1647663060211049,0.15055963039177642,-0.0014309090723789806,0.1230268015411396
143,0.16777749862894042,0.34570205254831476,0.0010296269584438114,-0.17010721915174365
144,0.17469153967990672,0.15056537918583215,-0.0023725174245910617,0.12290034601136496
145,0.17770284726362337,0.34572124030993917,8.5489495636237572e-05,-0.17053014126795929
146,0.18461727206982215,0.15059806557574765,-0.0033251133297229484,0.12217975367547801
147,0.18762923338133711,-0.044476089615223369,-0.00088151825621338815,0.41381178733561308
148,0.18673971158903263,0.15065834549479498,0.0073947174904988727,0.1208510820623025
149,0.18975287849892852,0.34567357461128456,0.0098117391317449221,-0.16948973667544287
150,0.1966663499911542,0.15041256811162104,0.0064219443982360645,0.12627227984203282
151,0.19967460135338663,0.34544193315599392,0.0089473899950767207,-0.16437769661115781
152,0.20658344001650653,0.15019304966434022,0.0056598360628535641,0.13111440316261908
153,0.20958730100979334,0.34523347005330662,0.0082821241261059452,-0.15977755860861753
154,0.21649197041085946,0.14999393265227354,0.0050865729539335946,0.13550662007246272
155,0.21949184906390493,0.34504265809577561,0.0077967053553828491,-0.15556723719659826
156,0.22639270222582045,0.14980994769557296,0.0046853606114508842,0.13956513565529072
157,0.2293889011797319,0.34486448069639819,0.0074766633245566989,-0.15163596140578778
158,0.23628619079365987,0.14963627342227723,0.0044439440964409438,0.14339628306649899
159,0.2392789162621054,0.34469430010737623,0.0073118697577709236,-0.14788135260394275
160,0.24617280226425292,0.14946840941587727,0.0043542427056920685,0.1470993259363747
161,0.24916217045257047,0.34452773653267238,0.0072962292244195624,-0.14420674777269038
162,0.25605272518322392,0.14930205888716647,0.0044120942689657543,0.15076904646638151
163,0.25903876636096723,0.34436055504917429,0.0074274751982933845,-0.14051869843394371
164,0.26592597746195074,0.14913301801275575,0.0046171012296145099,0.15449818714327024
165,0.26890863782220586,0.34418855745475108,0.0077070649724799148,-0.13672458049615444
166,0.27579240897130086,0.14895706908877782,0.0049725733625568258,0.15837980937159185
167,0.27877155035307644,0.344007476301943,0.0081401695499886632,-0.13273025372841923
168,0.28565169987911532,0.14876987478615569,0.0054855644754202779,0.16250962933844504
169,0.28862709737483844,0.34381286845435299,0.0087357570621891777,-0.12843771146732413
170,0.29550335474392547,0.14856687086747053,0.0061670028328426954,0.16698838997237309
171,0.29847469216127487,0.34360000552020364,0.0095067706322901572,-0.12374266157007924
172,0.30534669227167893,0.14834315473883933,0.0070319174008885727,0.17192432787299333
173,0.30831355536645572,0.3433637584752387,0.010470403958348438,-0.11853197856948167
174,0.31518083053596047,0.14809336716719371,0.0080997643869588042,0.17743579553212718
175,0.31814269787930433,0.34309847368658047,0.011648480297601347,-0.11268096445235026
176,0.32500466735303596,0.14781156439836834,0.0093948610085543421,0.18365410203102567
177,0.32796089864100331,0.34279783739235492,0.013067943049174855,-0.10605035143459041
178,0.33481685538885042,0.14749107777042944,0.010946936020483047,0.19072663969408221
179,0.33776667694425899,0.3424547254825453,0.01476146881436469,-0.098482974477130614
180,0.34461577145390992,0.1471243577387914,0.012791809324822077,0.1988203699347007
181,0.34755825860868578,0.34206103517162972,0.01676821672351609,-0.089800033988935879
182,0.35439947931211835,0.14670279902968597,0.014972216043737371,0.20812574877593909
183,0.35733353529271206,0.34160749486625697,0.019134731019256154,-0.079796860092356703
184,0.36416568519003717,0.14621654344100307,0.017538793817409019,0.21886118128791004
185,0.36709001605885722,0.34108344823537795,0.021916017443167221,-0.068238078876929065
186,0.37391168502356475,0.14565425665507706,0.020551255865628639,0.23127810443930341
187,0.37682477015666632,0.34047660822782588,0.025176817954414708,-0.054852068157045963
188,0.38363430232122286,0.14500287538346607,0.024079776591273788,0.24566680951792896
189,0.38653435982889217,0.33977277662510907,0.028993112781632368,-0.039324575354971247
190,0.39332981536139433,0.14424732133786014,0.028206621274532943,0.2623631280992777
191,0.39621476178815151,0.33895552478555113,0.033453883836518497,-0.021291353359553067
192,0.40299387228386252,0.14337017908926211,0.033028056769327435,0.28175611905442138
193,0.40586127586564774,0.33800583172865112,0.038663179150415866,-0.00032965190526834665
194,0.41262139250022078,0.5325525801395079,0.038656586112310501,-0.28056754637583659
195,0.42327244410301096,0.33690113919007697,0.03304523518479377,0.024052572253725368
196,0.43001046688681249,0.53153399115564937,0.033526286629868278,-0.25802378663194997
197,0.44064114670992549,0.33594984109229065,0.028365810897229279,0.045042456582620349
198,0.44736014353177128,0.53065379935297807,0.029266660028881685,-0.23855756168652731
199,0.45797321951883085,0.33512623662657071,0.024495508795151139,0.06321135363703273
200,-0.050080382873686116,0.16737496647135647,-0.016174676339627651,-0.27799018979946644
201,-0.046732883544258988,-0.027512545696812579,-0.02173448013561698,0.0095476919135448202
202,-0.047283134458195236,-0.2223161604349583,-0.021543526297346082,0.29529466554080563
203,-0.0517294576668944,-0.026893807290074789,-0.015637632986529967,-0.0041041485226588903
204,-0.052267333812695896,-0.22178804185582646,-0.015719715956983144,0.28360418339904903
205,-0.056703094649812422,-0.026445449245421165,-0.010047632289002163,-0.013994909162366009
206,-0.057232003634720842,-0.22142187410033176,-0.010327530472249484,0.27550101118327347
207,-0.061660441116727478,-0.026154110108717987,-0.0048175102485840142,-0.020421254792861498
208,-0.06218352331890184,-0.22120664297929069,-0.0052259353444412439,0.27073780684136983
209,-0.066607656178487656,-0.026010509336062526,0.00018882079238615249,-0.023588813467051106
210,-0.067127866365208913,-0.22113516791045612,-0.00028295547695486963,0.26915368248954374
211,-0.071550569723418028,-0.026009179837034796,0.0051001181728360058,-0.02361847681280671
212,-0.07207075332015872,-0.22120389866789902,0.0046277486365798714,0.27066922174677505
213,-0.076494831293516696,-0.026148290077178921,0.010041133071515372,-0.020550504910446521
214,-0.077017797095060278,-0.2214127915286237,0.009630122973306442,0.27528352534409006
215,-0.081446052925632756,-0.026429552933132983,0.015135793480188243,-0.014346558308853563
216,-0.081974643984295409,-0.22176526325817425,0.014848862314011172,0.28307319877521486
217,-0.086409949249458898,-0.026858218637144549,0.020510326289515469,-0.0048897325503492461
218,-0.086947113622201783,-0.22226822091648277,0.020412531638508483,0.29419323333365283
219,-0.091392478040531439,-0.027443149504506686,0.026296396305181539,0.0080173751848929276
220,-0.091941341030621571,-0.22293216505402849,0.026456743808879399,0.30887976832344866
221,-0.096399984331702146,-0.028196974262032687,0.032634339175348373,0.024656581500396457
222,-0.096963923816942799,0.16644214212838895,0.033127470805356302,-0.2575538460895832
223,-0.093635080974375021,-0.029136715319487194,0.027976393883564637,0.045391174440291226
224,-0.094217815280764769,0.16557313105641275,0.028884217372370461,-0.2383353192394983
225,-0.090906352659636508,-0.029949298675115338,0.024117510987580495,0.063316770034954784
226,-0.091505338633138811,0.16481871283544464,0.025383846388279591,-0.22166042472970332
227,-0.088208964376429916,-0.030656692826264542,0.020950637893685523,0.078920273846918854
228,-0.088822098232955213,0.16415875486902928,0.022529043370623898,-0.2070797304421147
229,-0.085538923135574624,-0.03127798706207352,0.018387448761781604,0.092623967480219116
230,-0.086164482876816093,0.16357565464029669,0.020239928111385985,-0.19420148138612842
231,-0.082892969784010159,-0.031829886407023833,0.016355898483663416,0.10479692823247416
232,-0.08352956751215064,0.16305389998886083,0.018451837048312898,-0.18268123166047029
233,-0.08026848951237342,-0.032327149915992753,0.014798212415103491,0.1157649857948525
234,-0.080915032510693277,0.16257967488733555,0.017113512131000541,-0.17221272477390154
235,-0.077663439012946561,-0.032782979936186812,0.01366925763552251,0.1258194732550254
236,-0.078319098611670301,0.16214050485245537,0.016185647100623018,-0.16251980187144477
237,-0.075076288514621198,-0.033209370314721126,0.012935251063194122,0.13522500158304179
238,-0.075740475920915623,0.16172493547970088,0.015639751094854958,-0.15334913727734406
239,-0.072505977211321598,-0.033617421392725416,0.012572768349308077,0.14422646231468828
240,-0.073178325639176103,0.16132223743822763,0.015457297595601842,-0.14446361848258221
241,-0.069951880890411544,-0.034017629266251959,0.012568025225950198,0.15305544267051369
242,-0.070632233475736578,0.16092213135167163,0.015629134079360472,-0.13563620259710391
243,-0.067413790848703151,-0.034420156368422439,0.012916410027418394,0.16193622089369003
244,-0.068102193976071604,0.16051452617074347,0.016155134445292194,-0.12664409304676344
245,-0.064891903452656732,-0.034835090021010762,0.013622252584356925,0.17109149702002641
246,-0.065588605253076943,0.16008926483007774,0.017044082524757455,-0.11726308881318803
247,-0.062386819956475388,-0.035272695257649783,0.014698820748493694,0.18074800540318331
248,-0.063092273861628384,0.15963587112944466,0.018313780856557361,-0.10726196378035446
249,-0.059899556439039492,-0.035743667947377739,0.016168541580950272,0.1911421498833204
250,-0.060614429797987049,0.15914329187002349,0.01999138457861668,-0.096396735795653221
251,-0.05743156396058658,-0.036259394037920639,0.018063449862703616,0.20252580028484807
252,-0.058156751841344993,0.15859962831283386,0.022113965868400576,-0.084404683921367185
253,-0.054984759275088314,-0.036832220565367751,0.020425872189973233,0.21517238973333486
254,-0.055721403686395672,0.15799185103216568,0.024729319984639932,-0.070997968101107423
255,-0.05256156666575236,-0.037475743890248298,0.023309360622617785,0.22938345584253944
256,-0.053311081543557327,0.15730549226137333,0.027897029739468573,-0.055856698178327169
257,-0.050164971698329862,-0.03820512033645751,0.026779895775902032,0.24549577481918261
258,-0.050929074105059015,0.1565243099587427,0.031689811272285685,-0.038621289032746919
259,-0.047798587905884163,-0.039037403896375195,0.030917385491630749,0.26388924549875376
260,-0.048579335983811665,0.15562991820263808,0.036195170401605824,-0.018883925842112348
261,-0.045466737619758904,0.3502145987565578,0.035817491884763575,-0.29993071818765521
262,-0.038462445644627745,0.15460090877283747,0.029818877521010471,0.0038297145822681622
263,-0.035370427469170997,0.34928280510854948,0.029895471812655835,-0.27929786036092308
264,-0.028384771367000006,0.15374742266746613,0.024309514605437371,0.022662114382197562
265,-0.025309822913650686,0.34851246932119606,0.024762756893081321,-0.26225284378874342
266,-0.018339573527226764,0.15304595884981642,0.019517700017306454,0.0381365388392087
267,-0.015278654350230434,0.34788266633114973,0.020280430794090629,-0.24832501874577728
268,-0.0083210010236074404,0.1524770437033158,0.015313930419175083,0.050685178057535141
269,-0.0052714601495411247,0.34737609930966684,0.016327633980325787,-0.23712700617555105
270,0.0016760618366522123,0.15202473352030654,0.011585093856814766,0.060661095202086013
271,0.0047165565070583435,0.3469786795233053,0.012798315760856487,-0.22834425839679884
272,0.011656130097524449,0.15167619339268057,0.0082314305929205092,0.068348080786932774
273,0.014689653965378061,0.34667916993661596,0.0095983922086591653,-0.2217264612873901
274,0.021623237364110381,0.15142134876971761,0.0051638629829113634,0.073968662845467603
275,0.024651664339504734,0.34646889095756739,0.0066432362398207156,-0.21708058069775371
276,0.031581042158656078,0.15125260461546969,0.0023016246258656409,0.077690484377804736
277,0.034606094250965475,-0.043902265953672692,0.0038554343134217356,0.37109869190324762
278,0.033728048931892018,0.15116469907955665,0.011277408151486689,0.079633913891940911
279,0.03675134291348315,0.34612318506851503,0.012870086429325507,-0.20946973146471548
280,0.043673806614853448,0.15081959621246754,0.0086806918000311983,0.087245090671007386
281,0.046690198539102799,0.34581604919239251,0.010425593613451346,-0.20268647714902649
282,0.053606519522950646,0.15054656133650246,0.0063718640704708155,0.093266905455230531
283,0.056617450749680692,0.34557660786537325,0.0082372021795754265,-0.19739891023756712
284,0.063528982906988163,0.15033781088585563,0.0042892239748240843,0.097871059908467672
285,0.06653573912470527,0.3453980266147505,0.0062466451729934376,-0.1934555442502271
286,0.073443699657000275,0.15018727712148019,0.0023775342879888955,0.1011913688185988
287,0.076447445199429878,0.34527507420978953,0.0044013616643608713,-0.19074050531701764
288,0.083352946683625667,0.15009043472722794,0.00058655155802051851,0.10332761422747844
289,0.086354755378170223,0.34520397513883205,0.0026531038425700875,-0.18917019989621298
290,0.09325883488094687,0.15004416784870586,-0.0011303001553541721,0.10434849236265936
291,0.096259718237920983,-0.045061566994759855,0.00095666969189901535,0.39667459950580169
292,0.095358486898025785,0.15004679798503248,0.0088901616820150492,0.10429344680747343
293,0.098359422857726433,0.34504022470697737,0.010976030618164517,-0.18557146177055817
294,0.10526022735186598,0.14976296386339719,0.0072646013827533541,0.11055367361607071
295,0.10825548662913392,0.3447800673020463,0.0094756748550747678,-0.17982848861731543
296,0.11515108797517484,0.14952381089398223,0.0058791050827284586,0.11582855399907493
297,0.11814156419305449,0.34456103278122929,0.0081956761627099573,-0.17499377597719906
298,0.12503278484867908,0.14932275322383948,0.0046958006431659762,0.12026330974577037
299,0.12801923991315586,0.34437711233106472,0.0071010668380813834,-0.17093444281460241
300,0.13490678215977717,0.14915424755661402,0.0036823779817893353,0.12398016737627782
301,0.13788986711090945,0.3442232502415753,0.0061619813293148917,-0.16753873613522147
302,0.14477433211574095,0.14901364051440594,0.0028112066066104625,0.12708173043571103
303,0.14775460492602907,0.34409520661506587,0.0053528412153246831,-0.16471296878227809
304,0.1546365090583304,0.14889704020693414,0.0020585818396791212,0.12965381389541702
305,0.15761444986246909,0.34398944170050161,0.0046516581175874618,-0.1623789456457892
306,0.16449423869647911,0.1488012085486374,0.001404079204671678,0.13176781904133089
307,0.16747026286745187,0.34390301888441943,0.0040394355854982958,-0.1604718088384483
308,0.17434832324514027,0.14872347138978195,0.00082999940872932956,0.13348271467488426
309,0.17732279267293591,0.34383352380157528,0.003499653702227015,-0.15893824333631984
310,0.1841994631489674,0.14866164399126036,0.00032088883550061799,0.13484667968235842
311,0.18717269602879261,0.34377899741811646,0.0030178224291477862,-0.15773499407353431
312,0.19404827597715493,0.14861396977891059,-0.00013687745232290015,0.13589845277088924
313,0.19702055537273314,0.34373788128763061,0.002581091603094885,-0.15682765372124924
314,0.20389531299848576,0.148579070668099,-0.00055546147133009966,0.13666842718137517
315,0.20686689441184775,0.34370897348910456,0.0021779070722974039,-0.15618968756064633
316,0.21374107388162983,0.14855590755988851,-0.00094588667891552271,0.13717952125740601
317,0.2167121920328276,0.34369139403002102,0.0017977037462325977,-0.15580166814891033
318,0.22358601991342802,0.14854374988319613,-0.001318329616745609,0.13744784968851709
319,0.22655689491109196,0.34368455874238235,0.0014306273770247329,-0.15565069803033449
320,0.23343058608593961,0.14854215329945489,-0.0016823865835819568,0.13748321489178428
321,0.23640142915192872,0.34368816091931398,0.0010672777142537288,-0.15573000370079582
322,0.243275192370315,0.1485509449034485,-0.0020473223597621878,0.137289433203512
323,0.24624621126838397,0.34370216013986821,0.0006984663043080523,-0.15603868851815206
324,0.25312025447118136,0.14857021545175239,-0.0024223074660549887,0.13686450619369711
325,0.25609165878021639,0.34372677791429973,0.0003149826578189535,-0.15658163637752409
326,0.26296619433850238,0.14860031833368273,-0.0028166500697315282,0.13620064337380067
327,0.26593820070517604,-0.046481175946911535,-9.2637202255514868e-05,0.42799363000805568
328,0.26500857718623783,0.14864208714785068,0.0084672353979055974,0.13528150128434796
329,0.26798141892919486,0.3436417398770944,0.011172865423592557,-0.15471815517071347
330,0.27485425372673677,0.148361611312917,0.008078502320178288,0.14146850891661833
331,0.27782148595299511,0.34336693657502865,0.010907872498510655,-0.14865488032269764
332,0.28468882468449569,0.14809049807548766,0.0079347748920567032,0.14744920278092249
333,0.28765063464600543,0.34309792773387388,0.010883758947675154,-0.14271993406970729
334,0.2945125932006829,0.14782180858377669,0.0080293602662810087,0.15337665803292938
335,0.29746902937235842,0.34282787635834128,0.011096893426939597,-0.13676240800395473
336,0.30432558689952527,0.14754875445684504,0.0083616452668605016,0.1594006595874578
337,0.30727656198866216,0.34255000272835495,0.011549658458609658,-0.13063269237428615
338,0.31412756204322928,0.14726452553179342,0.0089370046111239346,0.16567151020999921
339,0.31707285255386514,0.34225741362220641,0.012250434815323919,-0.12417869705470719
340,0.32391800082630928,0.14696211953384883,0.0097668608742297741,0.17234380066906679
341,0.32685724321698628,0.34194293070435217,0.01321373688761111,-0.11724205510800201
342,0.33369610183107334,0.14663416949935354,0.010868895785451069,0.17958023656827288
343,0.33662878522106043,0.34159891389562047,0.014460500516816526,-0.10965421393726971
344,0.34346076349897287,0.14627276484165475,0.012267416238071132,0.18755561625250644
345,0.34638621879580594,0.34121707549930247,0.016018528563121262,-0.10123231729092452
346,0.35321056030579201,0.14586926194554203,0.013993882217302772,0.19646105614278997
347,0.35612794554470284,0.34078828074627243,0.017923103340158571,-0.091774777372776339
348,0.36294371115962831,0.1454140801264282,0.016087607792703042,0.20650856392304312
349,0.36585199276215685,0.34030233026206924,0.020217779071163906,-0.081056429986171963
350,0.37265803936739822,0.1448964787256232,0.018596650471440466,0.21793606610353661
351,0.37555596894191068,0.33974771977677315,0.022955371793511196,-0.06882315697934166
352,0.38235092333744614,0.14430431107957845,0.021578908653924363,0.23101300451647472
353,0.38523700955903772,0.33911137224203025,0.026199168744253858,-0.054785849244859131
354,0.39201923700387831,0.143623751173342,0.025103451759356677,0.24604662608187816
355,0.39489171202734513,0.33837833746814139,0.030024384280994239,-0.038613570207017334
356,0.40165927877670798,0.14283898908559575,0.029252112876853892,0.26338910139638444
357,0.40451605855841988,0.33753145457909195,0.034519894904781578,-0.019925764287132774
358,0.41126668765000174,0.14193189204425322,0.034121379619038925,0.28344561977070321
359,0.4141053254908868,0.33655097321979299,0.039790292014452985,0.0017166623013569748
360,0.42083634495528266,0.53108035156471511,0.039824625260480126,-0.27815118252138066
361,0.43145795198657694,0.33541356074865736,0.034261601610052511,0.026821633840161785
362,0.43816622320155008,0.53002784966832317,0.034798034286855746,-0.25485753894415319
363,0.44876678019491656,0.33442677491317857,0.029700883507972682,0.04859500812907136
364,0.45545531569318015,0.52911052831323091,0.030672783670554111,-0.2345710513445855
365,0.46603752625944478,0.33356406393547278,0.025981362643662402,0.067627060016612117
366,0.47270880753815425,0.52830407142860958,0.027333903843994645,-0.21674670380964772
367,0.48327488896672643,0.33280224512007051,0.022998969767801691,0.084431658784842545
368,0.48993093386912784,0.52758709610204324,0.024687602943498543,-0.20090724610309407
369,0.50048267579116867,0.33212091967607793,0.02066945802143666,0.09946009186851229
370,0.50712509418469021,0.52694063521872847,0.022658659858806905,-0.18663067158863123
371,0.51766390688906483,0.33150194755806028,0.018926046427034281,0.11311318325806391
372,0.52429394584022604,0.52634766643618891,0.021188310092195559,-0.17353912654203318
373,0.53482089916894981,0.33092897574004909,0.017717527561354893,0.12575200992748764
374,0.54143947868375075,0.52579268281574953,0.020232567759904646,-0.16128899393914253
375,0.55195533234006577,0.33038701178214502,0.017006787881121796,0.13770749077300332
376,0.5585630725757087,0.52526129865456428,0.019760937696581861,-0.14956191320005391
377,0.56906829854880003,0.32986203403398495,0.016769699432580783,0.14928909639585353
378,0.57566553922947972,0.52473988324705001,0.019755481360497852,-0.13805651476205649
379,0.58616033689442071,0.32934062984040158,0.016994351065256721,0.16079290576272359
380,0.59274714949122875,0.52421521501040291,0.020210209180511193,-0.12648066328887531
381,0.60323145379143683,0.32880965338321011,0.017680595914733685,0.17250921778036338
382,0.60980764685910105,0.52367414837411763,0.021130780270340953,-0.11454401502847172
383,0.62028112982658345,0.32825589515216691,0.018839899969771517,0.18472991219442608
384,0.62684624772962683,0.52310328591041544,0.022534498213660038,-0.10195070292937408
385,0.63730831344783512,0.32766575541403697,0.020495484155072557,0.19775574482949176
386,0.64386162855611584,0.52248864829823682,0.024450599051662393,-0.088391967467135402
387,0.65431140152208056,0.32702491442504145,0.022682759702319685,0.21190375677543538
388,0.66085189981058134,0.52181533484949894,0.026920834837828395,-0.073538551706941735
389,0.67128820650757137,0.32631799253931026,0.025450063803689561,0.22751497535513965
390,0.67781456635835757,0.52106716751228477,0.030000363310792352,-0.057032676029623808
391,0.68823590970860327,0.32552819388367393,0.028859709790199875,0.24496258613339672
392,0.69474647358627672,0.52022631158479526,0.033758961512867808,-0.038479401390848544
393,0.70515099981797258,0.32463692803906979,0.032989373485050835,0.26466075922603005
394,0.71164373837875394,0.51927286698165376,0.038282588669571439,-0.017437180368590932
395,0.72202919571838697,0.32362340542343548,0.037933845062199621,0.28707431882316203
396,0.72850166382685566,0.51818442505310625,0.043675331438662861,0.0065926166975139866
397,0.73886535232791783,0.71265368027005271,0.04380718377261314,-0.27199662719537504
398,0.7531184259333189,0.5169348994903249,0.038367251228705636,0.034175083628402936
399,0.76345712392312537,0.71148624673845129,0.039050752901273696,-0.24615996757110709
400,-0.012270652834483734,-0.19840375971889893,0.0061881918474870658,0.24853078218381325
401,-0.016238728028861713,-0.0033707275278971049,0.011158807491163332,-0.042193847923854388
402,-0.016306142579419654,-0.19865090055883042,0.010314930532686244,0.25398879606327623
403,-0.020279160590596264,-0.0036777387193282773,0.01539470645395177,-0.035422852498412261
404,-0.020352715364982829,-0.19901703167307555,0.014686249403983524,0.26207723142318801
405,-0.02433305599844434,-0.0041077642155670224,0.019927794032447283,-0.025937538827845497
406,-0.024415211282755679,-0.19950974331897131,0.019409043255890372,0.27296561735469138
407,-0.028405406149135105,-0.0046700354008582801,0.024868355602984199,-0.013532997104885758
408,-0.028498806857152271,-0.20013964032487741,0.024597695660886484,0.28689129398033375
409,-0.032501599663649822,-0.0053769595438536433,0.030335521540493158,0.0020666420221787662
410,-0.032609138854526896,-0.20092053668137042,0.030376854380936732,0.30416433275270083
411,-0.036627549588154305,-0.0062443648900085691,0.036460141035990747,0.021214215027824279
412,-0.036752436885954476,0.18833625557240885,0.036884425336547233,-0.25974583233837523
413,-0.0329857117745063,-0.0072923001835886736,0.031689508689779725,0.044338977588940953
414,-0.033131557778178077,0.18736124374726967,0.032576288241558546,-0.23817958732842387
415,-0.029384332903232682,-0.0082105852660634138,0.027812696494990068,0.064598247084668381
416,-0.02954854460855395,0.18650179200543521,0.029104661436683436,-0.21918148325168874
417,-0.025818508768445245,-0.0090238475041243549,0.024721031771649662,0.082538327660676647
418,-0.025998985718527733,0.18573516943597573,0.026371798324863194,-0.20224369198917169
419,-0.022284282329808218,-0.009753818618590232,0.022326924485079759,0.098640238238737799
420,-0.022479358702180024,0.18504114618955311,0.024299729249854515,-0.18691581381196737
421,-0.018778535778388963,-0.010419890001366727,0.020561412973615169,0.11333260066949535
422,-0.018986933578416298,0.18440149535188821,0.022828064987005077,-0.1727930763331354
423,-0.015298903671378535,-0.01103961406742765,0.019372203460342369,0.12700307303785829
424,-0.015519695952727088,0.18379953618642361,0.021912264921099534,-0.15950574270758927
425,-0.011843705228998616,-0.011629159698184288,0.018722150066947749,0.14000861837125911
426,-0.012076288422962302,0.18321971241115143,0.02152232243437293,-0.1467094770648591
427,-0.008411894174739273,-0.012203730643842642,0.018588132893075749,0.152684872823517
428,-0.0086559687876161251,0.18264719806925611,0.021641830349546087,-0.13407643185138263
429,-0.0050030248262310029,-0.012777955890139664,0.018960301712518435,0.16535485493319313
430,-0.0052585839440337963,0.182067523088945,0.022267398811182299,-0.12128683619314046
431,-0.0016172334822548962,-0.013366260800643986,0.019841662087319491,0.17833723941591517
432,-0.001884558698267776,0.18146621049951459,0.023408406875637795,-0.10802087559983758
433,0.0017447655117225158,-0.013983227503678586,0.021247989363641043,0.19195440529754465
434,0.0014651009616489441,0.18082841730870161,0.025087077469591934,-0.093950660834943578
435,0.0050816693078229759,-0.014643952585380704,0.023208064252893061,0.20654045891096684
436,0.0047887902561153618,0.18013857117232179,0.027338873431112399,-0.078732087378221571
437,0.008391561679561798,-0.015364409687361719,0.025764231683547967,0.222449427074979
438,0.0080842734858145634,0.17937999519236025,0.030213220225047549,-0.061996386607510001
439,0.011671873389661769,-0.016161824036010131,0.028973292492897349,0.24006381421474832
440,0.011348636908941567,0.17853451352054389,0.033774568777192315,-0.043341165788655156
441,0.014919327179352444,-0.01705506512910307,0.032907745461419211,0.25980371865121971
442,0.014578225876770382,0.17758203105420708,0.038103819834443609,-0.02232072655374473
443,0.018129866497854523,0.37213740612702029,0.037657405303368717,-0.30274214602211585
444,0.02557261462039493,0.17649955963392822,0.0316025623829264,0.0015752363763658073
445,0.029102605813073494,0.37115436554626557,0.031634067110453717,-0.280971573234858
446,0.036525693123998809,0.17559578876135104,0.026014635645756557,0.021518395129890011
447,0.040037608899225828,0.37033519094303613,0.026445003548354357,-0.2628444294236163
448,0.047444312718086551,0.17484593977681628,0.021188114959882029,0.038060843342315909
449,0.050941231513622877,0.36965774488681025,0.021949331826728348,-0.24786243350551113
450,0.058334386411359081,0.17422931277812079,0.016992083156618126,0.051662188775571771
451,0.061818972666921497,0.36910354716315308,0.018025326932129562,-0.23561153210828883
452,0.069201043610184559,0.17372876289870678,0.013313096289963786,0.062702194955034929
453,0.072675618868158695,0.36865733064170769,0.014567140189064484,-0.22575081071197661
454,0.080048765480992851,0.17333025174432395,0.010052123974824951,0.071491309398585723
455,0.083515370515879331,0.36830665910977956,0.011481950162796666,-0.21800325102335899
456,0.09088150369807492,0.17302247047934866,0.0071218851423294864,0.078279342315695999
457,0.094341953107661899,0.3680416057086392,0.0086874719886434072,-0.21214812531758226
458,0.10170278522183468,0.17279652933566622,0.0044445094822917622,0.083262522271580319
459,0.10515871580854801,-0.022388849636820279,0.0061097599277233688,0.37734438050102193
460,0.1047109388158116,0.17264579689074,0.013656647537743809,0.086594129296503952
461,0.1081638547536264,0.36756935616903497,0.015388530123673888,-0.20174901495056441
462,0.1155152418770071,0.1722307412301862,0.0113535498246626,0.095748264296506347
463,0.11895985670161083,0.36718814272159922,0.013268515110592728,-0.19333111824690735
464,0.1263036195560428,0.17187892355592932,0.00940189274565458,0.10350775120829026
465,0.12974119802716139,0.36686488296653819,0.011472047769820385,-0.18619414533486606
466,0.13707849568649216,0.17158068870957241,0.0077481648631230644,0.11008557862190854
467,0.14051010946068362,0.36659075935042257,0.0099498764355612362,-0.18014280927147491
468,0.14784192464769208,0.17132785118636362,0.0063470202501317383,0.11566227022269959
469,0.15126848167141935,0.36635828725378128,0.0086602656545857297,-0.17501147992134575
470,0.15859564741649498,0.17111347158528431,0.0051600360561588152,0.1203908473757016
471,0.16201791684820066,0.3661611146183355,0.0075678530036728479,-0.17065967831432949
472,0.16934113914056736,0.17093166661477194,0.0041546594373862581,0.1244010353320098
473,0.17275977247286281,0.36599385098626164,0.0066426801440264537,-0.16696824961346041
474,0.18007964949258803,0.17077744776474224,0.0033033151517572455,0.12780282837052742
475,0.18349519844788287,0.36585192184137372,0.0058593717191677934,-0.16383611338393189
476,0.19081223688471033,0.17064658439456878,0.0025826494514891553,0.13068951185208338
477,0.19422516857260169,0.36573144462940588,0.0051964396885308232,-0.16117750448262036
478,0.2015397974651898,0.17053548757295831,0.0019728895988784158,0.13314022434854483
479,0.20495050721664895,0.36562912329798136,0.004635694085849313,-0.15891963055212982
480,0.21226308968260857,0.17044111152857952,0.0014573014748067163,0.13522213039453995
481,0.21567191191318016,0.36554215862111172,0.0041617440826975157,-0.15700068300626369
482,0.22298275508560239,0.17036087002843539,0.0010217304225722417,0.13699226369311529
483,0.2263899724861711,0.36546817195235093,0.0037615756964345477,-0.15536814774157781
484,0.2336993359252181,0.17029256539763171,0.00065421274160299119,0.13849909151884299
485,0.23710518723317073,0.36540514038448024,0.0034241945719798508,-0.15397736979881654
486,0.24441329004086032,0.17023432823489601,0.00034464717600351993,0.13978384336488991
487,0.24781797660555824,0.36535134158409677,0.0031403240433013182,-0.15279033300892803
488,0.25512500343724015,0.17018456616920113,8.4517383122757576e-05,0.14088164036822365
489,0.25852869476062418,0.36530530682033335,0.0029021501904872306,-0.15177462145252801
490,0.26583480089703082,0.17014192025038657,-0.00013334223856332952,0.14182245654237519
491,0.26923763930203853,0.36526578092227935,0.0027031068922841743,-0.15090253448148649
492,0.27654295492048414,0.17010522777657344,-0.00031494379734555572,0.14263193819882958
493,0.27994505947601561,0.36523168808364737,0.0025376949666310357,-0.15015033122078431
494,0.28724969323768856,0.17007349053868051,-0.00046531165778465047,0.14333210401774527
495,0.29065116304846217,0.36520210258976116,0.002401330422570255,-0.14949758399513374
496,0.29795520510025741,0.17004584761207733,-0.00058862125733241981,0.14394194492754464
497,0.30135612205249895,0.36517622367460428,0.0022902176412184731,-0.14892662310006427
498,0.30865964652599104,0.1700215519513448,-0.00068831482078281258,0.14447794017920607
499,0.31206007756501791,0.36515335382763547,0.0022012439828013089,-0.148422057839801
500,0.31936314464157062,0.16999995014967231,-0.00076719717399471128,0.14495450367752177
501,0.32276314364456404,0.36513287996412791,0.0021318928995557244,-0.14797036085100512
502,0.3300658012438466,0.16998046481249685,-0.00082751431746437825,0.14538437269336896
503,0.33346541054009654,0.36511425695131383,0.0020801731364030011,-0.14755950447864946
504,0.3407676956791228,0.169962579068026,-0.00087101695316998832,0.14577894947396952
505,0.3441669472604833,0.36509699304765275,0.0020445620363094023,-0.14717863941528236
506,0.35146888712143637,0.16994582279732151,-0.00089901075199624522,0.14614860494715592
507,0.35486780357738279,0.36508063686581094,0.0020239613469468735,-0.14681780699712654
508,0.36216941631469901,0.1699297602153374,-0.00091239479299565739,0.14650295264363483
509,0.36556801151900575,0.36506476551286554,0.0020176642598770393,-0.14646767750240125
510,0.37286930682926306,0.16991397847309492,-0.00091168929017098558,0.14685110010776931
511,0.37626758639872493,0.36504897359500482,0.0020253327119844006,-0.14611930754544045
512,0.38356856587062504,0.16989807698114184,-0.00089705343892440819,0.14720188440807541
513,0.3869665274102479,0.36503286279951469,0.0020469842492371001,-0.14576391022572954
514,0.39426718466623817,0.16988165717646372,-0.00086829395527749081,0.14756409787424041
515,0.39766481780976742,0.36501603178485509,0.0020829880022073173,-0.14539263209024084
516,0.4049651384454645,0.16986431246975811,-0.00082486463959749933,0.1479467098635131
517,0.40836242469485967,0.3649980661206656,0.0021340695576727627,-0.1449963312123953
518,0.41566238601727301,0.16984561811791024,-0.0007658570665751434,0.14835909018551274
519,0.41905929837963124,-0.025265357666843735,0.0022013247371351114,0.44080030607722409
520,0.41855399122629439,0.16982537155816096,0.011017330858679593,0.14881211022192231
521,0.4219504986574576,0.36478783743509979,0.013993573063118039,-0.14037481038891358
522,0.42924625540615957,0.16946829152215784,0.011186076855339767,0.15668979954169154
523,0.43263562123660271,0.36442831441792645,0.014319872846173597,-0.13244330071746763
524,0.43992418752496126,0.16910419889416126,0.011671006831824244,0.16472273212494914
525,0.44330627150284446,0.36405715197928057,0.014965461474323228,-0.1242555833594805
526,0.45058741454243006,0.16872403241931966,0.012480349807133617,0.17311096719082075
527,0.45396189519081648,0.36366515898560953,0.015942569150950034,-0.11560882246726006
528,0.46123519837052868,0.16831844725452411,0.013630392701604833,0.18206092490284054
529,0.46460156731561914,0.36324273399053131,0.017271611199661644,-0.1062911333644781
530,0.47186642199542977,0.16787758611118922,0.015145788532372082,0.19179048145537281
531,0.47522397371765357,0.36277963010347486,0.01898159816147954,-0.096076361434893343
532,0.48247956631972305,0.16739084181340591,0.017060070932781675,0.20253427824365139
533,0.48582738315599117,0.36226470718360404,0.021110756497654704,-0.084718565336365292
534,0.49307267729966325,0.16684660612948146,0.019416385190927397,0.21454937196895774
535,0.49640960942225287,0.3616856658868205,0.023707372630306551,-0.071946070658299888
536,0.50364332273998924,0.16623199983699835,0.022268451217140554,0.22812135743428097
537,0.50696796273672917,0.36102875804920076,0.026830878365826174,-0.057454951857295988
538,0.51418853789771324,0.16553257916994452,0.025681779328680255,0.24357110191773962
539,0.51749918948111218,0.36027846793617258,0.030553201367035047,-0.040901789321810489
540,0.52470475883983558,0.16473201419190092,0.029735165580598837,0.26126223898084983
541,0.52799939912367355,0.35941715915510664,0.034960410360215834,-0.021895534965189756
542,0.53518774230677568,0.16381173543306191,0.034522499660912039,0.28160957974411782
543,0.53846397701543691,0.35842468273550399,0.040154691255794392,1.1695696322255866e-05
544,0.54563247067014697,0.55294843808459959,0.040154925169720836,-0.27973642450800429
545,0.55669143943183896,0.3572773632953905,0.034560196679560749,0.025335967470719145
546,0.56383698669774673,0.55188708565811084,0.035066916028975131,-0.25624562570912562
547,0.57487472841090892,0.35628247440880845,0.02994200351479262,0.047288470574427754
548,0.5820003778990851,0.55096256834072377,0.030887772926281174,-0.23579914488215115
549,0.59301962926589957,0.35541324493100573,0.026171790028638151,0.066464489167115726
550,0.60012789416451973,0.5501503806924567,0.027501079811980467,-0.21784755155479302
551,0.61113090177836882,0.35464631212720532,0.023144128780884607,0.08338196044631635
552,0.61822382802091291,0.54942898521893857,0.024811767989810933,-0.20191003466164192
553,0.62921240772529163,0.35396113287411735,0.020773567296578095,0.098495408835484632
554,0.63629163038277403,0.54877929231562439,0.022743475473287787,-0.18756178903549969
555,0.64726721622908656,0.35333945523276933,0.018992239692577791,0.1122081544648556
556,0.65433400533374197,0.54818418678331005,0.021236402781874903,-0.17442285052274803
557,0.66529768906940823,0.35276484395855878,0.017747945771419943,0.12488310097407007
558,0.6723529859485794,0.54762809639736854,0.020245607790901343,-0.16214812184147576
559,0.68330554787652675,0.35222225187298306,0.017002645354071828,0.13685237868602712
560,0.69034999291398647,0.5470965961572879,0.01973969292779237,-0.1504183497094384
561,0.70129192483713221,0.35169762846041713,0.016731325933603602,0.14842609281743963
562,0.70832587740634056,0.54657604098500201,0.019699847789952395,-0.13893183130085268
563,0.71925739822604062,0.35117755705209674,0.016921211163935339,0.15990040381134257
564,0.72628094936708254,0.54605321932421846,0.020119219240162189,-0.12739664323565941
565,0.73720201375356686,0.35064891221892758,0.017571286375449,0.17156514858230959
566,0.74421499199794539,0.54551502004824282,0.021002589347095191,-0.11552319825742657
567,0.75512529239891024,0.35009852935127661,0.018692125381946659,0.18371119754132098
568,0.7621272629859358,0.54494810515716008,0.022366349332773077,-0.10301694312138143
569,0.77302622508907903,0.34951287877930326,0.020306010470345449,0.19663773258709921
570,0.78001648266466506,0.54433858085955078,0.024238765122087433,-0.089571015832164425
571,0.79090325428185604,0.34887773716179776,0.022447344805444143,0.21065962556897205
572,0.79788080902509195,0.54367165976718113,0.026660537316823586,-0.074858681222885248
573,0.80875424222043557,0.34817784927192924,0.025163363692365881,0.22611509471116414
574,0.81571779920587417,0.54293130710912263,0.029685665586589166,-0.058525361038655521
575,0.82657642534805664,0.3473965738096958,0.028515158365816057,0.24337381770522343
576,0.83352435682425052,0.54209986417277489,0.033382634719920527,-0.040180068381104994
577,0.844366354107706,0.34651550760877337,0.032579033352298427,0.26284568402578817
578,0.85129666425988149,0.54115764275130274,0.037835947032814191,-0.019386046965861603
579,0.86211981711490759,0.34551408380271398,0.037448226093496961,0.28499037462077709
580,0.86903009879096182,0.54008248547121285,0.043148033585912501,0.004349596173369441
581,0.87983174850038603,0.73455992288792737,0.043235025509379889,-0.27441346437068281
582,0.8945229469581446,0.92903918483795289,0.037746756221966229,-0.55315261165525553
583,0.91310373065490369,1.1236112962205373,0.026683703988861121,-0.83370796990113238
584,0.93557595657931447,1.318358694460845,0.010009544590838474,-1.1178809973531698
585,0.96194313046853142,1.1231068358822327,-0.012348075356224921,-0.8220751242499601
586,0.98440526718617605,1.318395538723967,-0.028789577841224122,-1.1186160882173117
587,1.0107731779606555,1.1236629097722723,-0.051161899605570355,-0.83510115474110136
588,1.0332464361561009,0.92927581873862719,-0.067863922700392376,-0.55893708428827216
589,1.0518319525308735,1.1252814336412078,-0.079042664386157813,-0.87220541872476387
590,1.0743375812036977,0.93131823694043536,-0.096486772760653094,-0.60538337750839277
591,1.0929639459425065,1.1276476074813622,-0.10859444031082095,-0.92683078803193975
592,1.1155168980921337,0.93414632787264662,-0.12713105607145975,-0.67015267362301389
593,1.1341998246495866,0.74099967635077413,-0.14053410954392004,-0.42004674605525189
594,1.149019818176602,0.93780401232143129,-0.14893504446502509,-0.75352406632462454
595,1.1677758984230306,0.74501496268731437,-0.16400552579151759,-0.51116705664171835
596,1.182676197676777,0.55253695682481663,-0.17422886692435197,-0.27432603710945713
597,1.1937269368132732,0.74966118770001533,-0.1797153876665411,-0.6165003687747217
598,1.2087201605672735,0.55744458381457673,-0.19204539504203555,-0.38537141720292523
599,1.2198690522435651,0.36549363806450874,-0.19975282338609404,-0.15885319250531904
600,0.033382687635443407,-0.19421732615263562,-0.00082065187889669461,0.31824557389072622
601,0.029498341112390695,0.00091630370604747768,0.0055442595989178304,0.025303956039794018
602,0.029516667186511643,-0.19428471617888721,0.0060503387197137111,0.31973098966408847
603,0.0256309728629339,0.00075054746913882919,0.012444958512995482,0.028962237589906958
604,0.025645983812316676,-0.19454764096066038,0.013024203264793621,0.32554555848946148
605,0.021755030993103469,0.0003864724723334767,0.019535114434582852,0.036998195481109997
606,0.021762760442550138,-0.1950100880622827,0.020275078344205052,0.33578007088851669
607,0.017862558681304486,-0.00018246078978151337,0.026990679761975386,0.049559159696290933
608,0.017858909465508856,0.1945422800046267,0.027981862955901205,-0.23448726927544095
609,0.021749755065601391,-0.00096806362633733434,0.023292117570392387,0.066889036654919298
610,0.021730393793074645,0.1938123362490507,0.024629898303490771,-0.21835504875008255
611,0.025606640518055657,-0.0016528808538208151,0.02026279732848912,0.081994307824862278
612,0.02557358290097924,0.19317283237948718,0.021902683484986366,-0.20422741551560292
613,0.029437039548568984,-0.0022553849130611259,0.017818135174674309,0.095283473108365879
614,0.029391931850307761,0.19260671377188454,0.019723804636841626,-0.19172502211165737
615,0.033244066125745451,-0.0027917636317676409,0.015889304194608479,0.10711410675171712
616,0.033188230853110096,0.19209892792306801,0.018031586329642822,-0.18051376945040443
617,0.037030209411571459,-0.0032763457908252247,0.014421310940634733,0.11780249856207298
618,0.036964682495754957,0.19163604074481549,0.016777360911876191,-0.17029596075190173
619,0.040797403310651265,-0.0037219793343405971,0.013371441696838156,0.12763214103556347
620,0.040722963723964452,0.1912058911914308,0.015924084517549425,-0.16080243926684079
621,0.04454708154779307,-0.0041403701810182603,0.012708035732212609,0.13686128515566648
622,0.044464274144172707,0.19079727766714549,0.015445261435325939,-0.15178551401911144
623,0.048280219697515614,-0.0045423893836201434,0.01240955115494371,0.14572976397047349
624,0.048189371909843209,0.19039966958391399,0.01532414643435318,-0.14301249500679419
625,0.051997365301521492,-0.004938355994013377,0.012463896534217297,0.1544652634147361
626,0.051898598181641227,0.19000293756412889,0.01555320180251202,-0.13425967360112395
627,0.055698656932923807,-0.0053383025612871449,0.01286800833048954,0.16328920418818926
628,0.055591890881698067,0.18959709597445334,0.016133792414253327,-0.12530659502974717
629,0.059383832801187135,-0.0057522297926665966,0.013627660513658383,0.17242238667618892
630,0.059268788205333801,0.18917205166157511,0.017076108247182163,-0.11593047774514598
631,0.063052229238565308,-0.0061903565750378586,0.014757498692279243,0.18209054268906349
632,0.062928422107064549,0.1887173528996674,0.018399309546060512,-0.1059006391652762
633,0.066702769165057893,-0.0066633712967464342,0.016281296762754988,0.19252993297890642
634,0.06656950173912296,0.18822193263887332,0.020131895422333117,-0.094972788767784033
635,0.070333940391900426,-0.0071826902134816129,0.018232439646977436,0.20399312784676815
636,0.070190286587630796,0.18767384017024599,0.022312302203912799,-0.082883047868613446
637,0.073943763391035713,-0.0077607284382745778,0.020654641246540529,0.21675510945666937
638,0.07378854882227022,0.18705995532181646,0.024989743435673915,-0.069341550677085473
639,0.077529747928706552,-0.0084111889503393766,0.023602912422132204,0.23111983847440587
640,0.077361524149699767,0.1863656793258118,0.028225309191620321,-0.0540254734787739
641,0.081088837736216002,-0.0091493747233818423,0.027144799722044841,0.24742743402080136
642,0.080905850241748359,0.18557459664063392,0.032093348402460871,-0.0365713282153593
643,0.084617342174561044,-0.0099925285319133472,0.031361921838153686,0.26606212418664038
644,0.084417491603922784,0.18466810242615866,0.036683164321886494,-0.016566343622736623
645,0.088110853652445961,0.37924529506634147,0.036351837449431761,-0.29745334764755571
646,0.095695759553772797,0.18362450829666499,0.030402770496480647,0.0064690621819030181
647,0.099368249719706092,0.37829754675170779,0.030532151740118706,-0.27646851193973493
648,0.10693420065474024,0.1827536023558628,0.025002781501324008,0.025685756939983206
649,0.11058927270185749,0.37750823602471584,0.025516496640123672,-0.25900483486551878
650,0.11813943742235181,0.18203148018624868,0.020336399942813298,0.041615885089265114
651,0.12178006702607679,0.37685599763200128,0.0211687176445986,-0.24458197362577505
652,0.1293171869787168,0.18143818862486352,0.016277078172083098,0.054702203339857702
653,0.13294595075121407,0.3763230137474266,0.017371122238880252,-0.23280106045851051
654,0.14047241102616259,0.18095721695478262,0.012715101029710041,0.065310274349704156
655,0.14409155536525825,0.37589458163929251,0.014021306516704125,-0.22333399682366795
656,0.1516094469980441,0.18057506251180844,0.0095546265802307663,0.073738611956835398
657,0.15522094824828028,-0.014682552765307055,0.011029398819367474,0.36942068351775409
658,0.15492729719297413,0.18028096671136673,0.018417812489722556,0.080235769271180424
659,0.15853291652720147,0.37513411910855254,0.020022527875146166,-0.20657985702834109
660,0.16603559890937253,0.17973165706992039,0.015890930734579343,0.092351314996414469
661,0.16963023205077093,0.37462227894178179,0.017737957034507632,-0.19527597099668881
662,0.17712267762960657,0.17925115005934047,0.013832437614573855,0.1029493064760813
663,0.18070770063079339,0.37417216344519622,0.015891423744095481,-0.18533763547095888
664,0.18819114389969732,0.17882648621659339,0.012184671034676305,0.11231576402855703
665,0.19176767362402919,0.37377174101274502,0.014430986315247446,-0.17649820670387079
666,0.19924310844428408,0.17844627180499681,0.01090102218117003,0.12070205246581367
667,0.20281203388038402,0.37341035858442773,0.013315063230486304,-0.16852186480715103
668,0.21028024105207258,0.17810037486089214,0.0099446259343432836,0.1283316540678936
669,0.21384224854929043,0.37307846390910032,0.012511259015701156,-0.16119734593503771
670,0.22130381782747244,0.17777965555658237,0.0092873120970004015,0.1354061532556905
671,0.22485941093860409,0.37276735632729274,0.011995435162114211,-0.15433235361062181
672,0.23231475806514995,0.17747572429610295,0.0089087880899017743,0.14211059259896863
673,0.23586427255107201,0.37246896038812427,0.011750999941881148,-0.14774850561440173
674,0.24331365175883449,0.1771807214770289,0.0087960298295931133,0.14861834252988865
675,0.24685726618837506,0.37217561692123657,0.011768396680190887,-0.1412766861994193
676,0.25430077852679978,0.17688711332812262,0.0089428629562025002,0.15509561330098431
677,0.25783852079336222,0.37187988648041503,0.012044775222222186,-0.13475268396040585
678,0.26527611852297051,0.17658749863617335,0.0093497215430140695,0.16170572708725173
679,0.26880786849569399,0.37157436032238012,0.012583836084759104,-0.12801300353270062
680,0.27623935570214159,0.17627442149183109,0.010023576014105091,0.16861326044896829
681,0.27976484413197822,0.37125147426227023,0.013395841223084458,-0.12089074451672993
682,0.28718987361722365,0.17594018541075235,0.010978026332749859,0.17598816243746024
683,0.2907086773254387,0.37090332084794608,0.014497789581499065,-0.11321144369379266
684,0.29812674374239762,0.17557666432742819,0.012233560707623211,0.18400995126829062
685,0.30163827702894619,0.37052145531745229,0.015913759732989023,-0.10478877677462206
686,0.30904870613529523,0.17517510602509051,0.013817984197496582,0.19287209256747057
687,0.31255220825579705,0.37009669075338442,0.017675426048845994,-0.095420013632203482
688,0.31995414207086476,0.17472592357330941,0.015767025776201926,0.20278666460422834
689,0.32344866054233096,0.36961887773780389,0.019822759068286493,-0.084881116218444408
690,0.33084103809708704,0.17421847032222121,0.018125136743917605,0.21398942055631581
691,0.33432540750353146,0.3690766636660171,0.022404925155043921,-0.072921361140479701
692,0.34170694077685182,0.17364079399094529,0.020946497932234326,0.22674536459251149
693,0.34517975665667072,0.36845722673872761,0.025481405224084555,-0.05925735917429692
694,0.35254890119144527,0.17297936545437084,0.024296258040598616,0.24135496722732436
695,0.35600848850053268,0.36774597958981298,0.029123357385145102,-0.043566331864127505
696,0.36336340809232892,0.17221877808322836,0.028252030747862551,0.25816115571122722
697,0.36680778365399347,0.36692623763722265,0.033415253862087095,-0.025478490947501375
698,0.3741463084067379,0.17134141409611583,0.032905684043137068,0.2775572266553748
699,0.37757313668866022,0.36597884775725464,0.038456828576244564,-0.0045683500222571949
700,0.38489271364380528,0.56052877348619545,0.038365461575799419,-0.28487395032027552
701,0.39610328911352921,0.36488124297835134,0.032667982569393905,0.019658069318731541
702,0.40340091397309624,0.55951983963666929,0.033061143955768535,-0.26254137254478815
703,0.41459131076582961,0.36394194783696637,0.02781031650487277,0.040383354726116927
704,0.42187014972256892,0.55865429210160866,0.02861798359939511,-0.24339704489545427
705,0.43304323556460111,0.36313550844721476,0.023750042701486025,0.058173581757062942
706,0.44030594573354542,0.55790901839580842,0.024913514336627283,-0.22692243227644393
707,0.45146412610146158,0.36244004577229327,0.020375065691098405,0.073513853667052265
708,0.45871292701690747,0.55726405979627247,0.021845342764439449,-0.21267165470232224
709,0.46985820821283292,0.36183670086683439,0.017591909670393004,0.086821460196071176
710,0.47709494223016963,0.55670212759143778,0.019328338874314427,-0.20025969685362405
711,0.48822898478199839,0.36130914542207915,0.015323144937241946,0.098457209053564032
712,0.49545516769043996,0.55620817144696888,0.017292289118313226,-0.1893521807978244
713,0.50657933111937936,0.36084315189242572,0.013505245502356739,0.1087352152470864
714,0.51379619415722788,0.55576899618600661,0.015679949807298466,-0.17965646548306841
715,0.52491157408094802,0.36042621601842295,0.012086820497637098,0.11793140149982545
716,0.53212009840131647,0.555372921622035,0.014445448527633607,-0.17091385845887469
717,0.54322755683375712,0.36004722416154766,0.011027171358456113,0.12629093332514557
718,0.55042850131698806,0.5550094794129854,0.013552990024959024,-0.16289274671634757
719,0.56152869090524782,0.35969615801838106,0.010295135090632072,0.13403478599077062
720,0.56872261406561542,0.55466914077766905,0.012975830810447484,-0.15538247317437304
721,0.5798159968811688,0.35936382968818636,0.0098681813469600234,0.14136561802487807
722,0.58700327347493253,0.5543430690609864,0.012695493707457584,-0.14818780246591029
723,0.59809013485615226,0.35904164055844245,0.0097317376581393788,0.14847310712893252
724,0.60527096766732114,0.55402289139286454,0.01270119980071803,-0.14112383399595158
725,0.61635142549517841,0.35872135795362725,0.0098787231207989983,0.15553888922125986
726,0.62352585265425098,0.55370048396423999,0.012989500905224195,-0.13401123166335516
727,0.63459986233353582,0.35839490391425843,0.010309276271957091,0.16274122962073539
728,0.64176776041182104,0.55336776568865176,0.013564100864371799,-0.12667164818371812
729,0.65283511572559405,0.35805415081303166,0.011030667900697436,0.17025954685731981
730,0.65999619874185467,0.55301649520166996,0.014435858837843832,-0.11892322768365077
731,0.67105652864588805,0.35769071876586722,0.012057394284170816,0.17827890404821167
732,0.67821034302120542,0.55263806625944478,0.01562297236513505,-0.11057607322754098
733,0.68926310434639426,0.35729576996125545,0.013411450900584231,0.18699458001714891
734,0.69640901974561942,0.5522232966297802,0.017151342500927209,-0.10142756624124061
735,0.70745348567821498,0.3568597951234207,0.015122791176102397,0.19661683220150838
736,0.7145906815806834,0.55176220553119848,0.019055127820132564,-0.0912574224467953
737,0.72562592569130735,0.35637238736481414,0.01722997937119666,0.20737596574914197
738,0.73275337343860358,0.55124377458478091,0.021377498686179497,-0.079822363933849727
739,0.7437782489302992,0.35582199870549047,0.019781051407502501,0.21952782791693937
740,0.75089468890440902,0.55065568713220525,0.02417160796584129,-0.066850279377844324
741,0.76190780264705316,0.35519567459516899,0.022834602378284403,0.2333598537771373
742,0.76901171613895658,0.54998404069628815,0.02750179945382715,-0.052033734207521165
743,0.78001139695288235,0.35447876195393224,0.026461124769676728,0.24919779806434439
744,0.78710097219196096,0.54921302740913713,0.031445080730963616,-0.035022679832470371
745,0.79808523274014365,0.3536545866857137,0.030744627134314209,0.26741329834327093
746,0.80515832447385793,0.54832457755855146,0.036092893101179628,-0.015416196128265724
747,0.81612481602502895,0.35270409753104137,0.035784569178614313,0.2884324258457453
748,0.8231788979756498,0.5472979622513674,0.041553217695529221,0.0072469152063638353
749,0.8341248572206772,0.74180010780718764,0.041698155999656497,-0.27204132799773217
750,0.84896085937682098,0.93630301797609716,0.036257329439701856,-0.55128638249000161
751,0.86768691973634293,1.130897479912214,0.025231601789901824,-0.83232891739716186
752,0.89030486933458719,0.93543997880443142,0.008585023441958585,-0.53181868306256841
753,0.90901366891067581,1.1304401315485864,-0.002051350219292784,-0.82178416733943971
754,0.93162247154164757,0.9353463081338913,-0.018487033566081577,-0.5297471444803038
755,0.95032939770432534,1.1307233834826775,-0.029081976455687653,-0.82819755662842187
756,0.97294386537397892,0.93601086323987914,-0.045645927588256092,-0.54480117370786729
757,0.99166408263877648,1.1317435021892814,-0.056541951062413442,-0.85150956409855816
758,1.0142989526825621,0.9374361477305202,-0.073572142344384611,-0.5771287852107867
759,1.0330476756371725,1.1335080249619693,-0.085114718048600352,-0.89205167938288721
760,1.0557178361364119,0.93963737788974055,-0.1029557516362581,-0.627291971057366
761,1.0745105836942068,0.74609168081958388,-0.11550159105740541,-0.36872628331445867
762,1.0894324173105985,0.94264909815332354,-0.12287611672369458,-0.69547996255699873
763,1.108285399273665,0.74942624179654249,-0.13678571597483455,-0.4438657033428911
764,1.1232739241095959,0.94619160694438231,-0.14566303004169237,-0.77634660633032049
765,1.1421977562484835,0.75334119486093531,-0.16118996216829878,-0.53280810029886605
766,1.1572645801457022,0.56080952886394053,-0.17184612417427611,-0.29493918261458552
767,1.168480770722981,0.75791153389781185,-0.17774490782656782,-0.63651190690950799
768,1.1836390014009373,0.56565524421699809,-0.19047514596475798,-0.40465326830466491
769,1.1949521062852773,0.3736726669797551,-0.19856821133085129,-0.17754927372609494
770,1.2024255596248723,0.57100018020019883,-0.20211919680537319,-0.5257204912489053
771,1.2138455632288763,0.379210013737864,-0.2126336066303513,-0.30291082329396379
