0,0.0306927102503,0.190023016125,0.0450175304781,-0.271203017282
1,0.0344931705728,-0.00571144609556,0.0395934701324,0.0353319069823
2,0.0343789416509,-0.201378151825,0.0403001082721,0.340239383095
3,0.0303513786144,-0.00685209160476,0.047104895934,0.0605322328183
4,0.0302143367823,-0.202616668635,0.0483155405903,0.367697094816
5,0.0261620034096,-0.00821336463495,0.0556694824866,0.0906316756668
6,0.0259977361169,-0.204087232289,0.057482116,0.400345696913
7,0.0219159914711,-0.00982577555036,0.0654890299382,0.12632522434
8,0.0217194759601,0.184299836491,0.068015534425,-0.144998975405
9,0.0254054726899,-0.0117269053958,0.0651155549169,0.168342421156
10,0.025170934582,0.182405486171,0.06848240334,-0.10310859063
11,0.0288190443055,-0.0136276599067,0.0664202315274,0.21036996779
12,0.0285464911073,0.180484824674,0.0706276308832,-0.060643535198
13,0.0321561876008,-0.015574969976,0.0694147601793,0.253460228017
14,0.0318446882013,0.178490702625,0.0744839647396,-0.0165456921395
15,0.0354145022538,-0.0176160306419,0.0741530508968,0.298676848404
16,0.0350621816409,0.176374891476,0.0801265878649,0.0302711414993
17,0.0385896794705,0.370261805274,0.0807320106949,-0.236094106185
18,0.045994915576,0.174084802743,0.0760101285712,0.0809223940044
19,0.0494766116308,0.368039500549,0.0776285764513,-0.186844155958
20,0.0568374016418,0.171897663962,0.0738916933321,0.129282438106
21,0.060275354921,0.365887596964,0.0764773420943,-0.139204042253
22,0.0675931068603,0.169758336691,0.0736932612492,0.176592356476
23,0.0709882735941,0.363752533286,0.0772251083787,-0.091962939147
24,0.0782633242598,0.16761351468,0.0753858495958,0.224050358117
25,0.0816155945534,0.361581597118,0.0798668567581,-0.0439329595352
26,0.0888472264958,0.555472851947,0.0789881975674,-0.310386851075
27,0.0999566835347,0.359319578954,0.0727804605459,0.00612405495894
28,0.107143075114,0.553326375088,0.0729029416451,-0.262737169532
29,0.118209602616,0.35724361484,0.0676481982545,0.0520201897323
30,0.125354474912,0.551333635611,0.0686886020491,-0.218575533421
31,0.136381147625,0.35530045388,0.0643170913807,0.0949594029823
32,0.143487156702,0.549444427617,0.0662162794403,-0.176758239779
33,0.154476045255,0.353440419314,0.0626811146448,0.13605682243
34,0.161544853641,0.547611168073,0.0654022510933,-0.136211143818
35,0.172497077002,0.351616364222,0.062678028217,0.176367073671
36,0.179529404287,0.545787931693,0.0662053696904,-0.0959030801692
37,0.190445162921,0.349782634975,0.064287308087,0.216910922208
38,0.19744081562,0.543929469222,0.0686255265312,-0.0548202979791
39,0.208319405005,0.347894062482,0.0675291205716,0.258700739975
40,0.215277286254,0.541990228695,0.0727031353711,-0.0119414505948
41,0.226117090828,0.73599828816,0.0724643063592,-0.280828873979
42,0.240837056591,0.539921503481,0.0668477288796,0.0338002960636
43,0.251635486661,0.734024316642,0.0675237348009,-0.237065038844
44,0.266315972994,0.538005912637,0.062782434024,0.0761294147967
45,0.277076091246,0.73217426379,0.0643050223199,-0.196103382828
46,0.291719576522,0.536194251836,0.0603829546633,0.116151691199
47,0.302443461559,0.730401371672,0.0627059884873,-0.156886273105
48,0.317051488992,0.534440291275,0.0595682630252,0.154901123
49,0.327740294818,0.728660992179,0.0626662854852,-0.118410490835
50,0.342313514661,0.532699757456,0.0602980756685,0.193366217641
51,0.352967509811,0.726909634167,0.0641654000214,-0.0797022745521
52,0.367505702494,0.530929338093,0.0625713545303,0.232514895187
53,0.378124289256,0.7251040092,0.0672216524341,-0.0397931500277
54,0.39262636944,0.529085720459,0.0664257894335,0.273318499931
55,0.403208083849,0.723200086929,0.0718921594321,0.00230391817018
56,0.417672085588,0.527124670702,0.0719382377955,0.316775403018
57,0.428214579002,0.721152169617,0.0782737458559,0.0476185196769
58,0.442637622394,0.525000166505,0.0792261162494,0.363934639166
59,0.453137625724,0.718912001619,0.0865048090327,0.0972473840662
60,0.467515865756,0.912694484433,0.0884497567141,-0.166938743613
61,0.485769755445,0.716425101522,0.0851109818418,0.152284801896
62,0.500098257476,0.910231768682,0.0881566778797,-0.112380470782
63,0.518302892849,0.713964466013,0.0859090684641,0.206761746242
64,0.532582182169,0.907759589865,0.0900443033889,-0.0576326800135
65,0.550737373967,0.711469669756,0.0888916497887,0.262046636792
66,0.564966767362,0.905217711424,0.0941325825245,-0.00132823255274
67,0.58307112159,0.708880643985,0.0941060178735,0.319507659411
68,0.59724873447,0.902545166091,0.100496171062,0.0579225895151
69,0.615299637792,0.70613662079,0.101654622852,0.380545107357
70,0.629422370208,0.899679217626,0.109265524999,0.121564936667
71,0.64741595456,1.09307987618,0.111696823732,-0.134745840904
72,0.669277552084,0.896549959542,0.109001906914,0.190982612987
73,0.687208551275,1.0899574099,0.112821559174,-0.0654236640013
74,0.709007699473,0.893413876997,0.111513085894,0.260616532014
75,0.726875977013,1.08678195087,0.116725416534,0.00508291853435
76,0.74861161603,0.890196248682,0.116827074905,0.33219431533
77,0.766415541004,1.08347833199,0.123470961212,0.0785165401824
78,0.788085107644,1.27663384071,0.125041292015,-0.172802725089
79,0.813617784458,1.07996471033,0.121585237514,0.156564151244
80,0.835217078664,1.27315504332,0.124716520538,-0.0954239877159
81,0.860680179531,1.07648674181,0.122808040784,0.233858849137
82,0.882209914367,1.26965953149,0.127485217767,-0.017703156865
83,0.907603104997,1.07296168989,0.12713115463,0.312328441032
84,0.929062338795,1.26606490462,0.13337772345,0.0622871751989
85,0.954383636887,1.06930782961,0.134623466954,0.393898392248
86,0.975769793479,1.26228827222,0.142501434799,0.146506731802
87,1.00101555892,1.45511249866,0.145431569435,-0.0980440891593
88,1.0301178089,1.25823802789,0.143470687652,0.236756466026
89,1.05528256945,1.45104992416,0.148205816973,-0.00745404872297
90,1.08430356794,1.25414763004,0.148056735998,0.328074785417
91,1.10938652054,1.44688572394,0.154618231706,0.085500413889
92,1.13832423502,1.24992439542,0.156328239984,0.422694752338
93,1.16332272293,1.4425262479,0.164782135031,0.183088498157
94,1.19217324788,1.63495402358,0.168443904994,-0.0534162572893
95,1.22487232836,1.43786755899,0.167375579848,0.287317997911
96,1.25362967954,1.63025639836,0.173121939806,0.0517465640469
97,1.2862348075,1.4331293883,0.174156871087,0.39366102058
98,1.31489739527,1.62540764237,0.182030091499,0.160550214042
99,1.34740554812,1.81752019797,0.18524109578,-0.0696357672974
100,1.38375595207,1.62029240868,0.183848380434,0.275294571557
101,1.41616180025,1.81238049341,0.189354271865,0.0457656560962
102,1.45240941012,1.61511912515,0.190269584987,0.391707004458
103,1.48471179262,1.80710357296,0.198103725076,0.164529710178
104,1.52085386408,1.99891972642,0.20139431928,-0.0597047925128
105,1.56083225861,1.80156547744,0.200200223429,0.289153862337
106,1.59686356816,1.99335360999,0.205983300676,0.0656840777443
107,1.63673064036,1.79596545869,0.207296982231,0.41563898129
108,1.67264994953,1.98763950001,0.215609761857,0.194793056638
109,0.011177852516,-0.223165054412,-0.0288051319843,0.291904968654
110,0.00671455142773,-0.4178647032,-0.0229670326112,0.575365750567
111,-0.00164274263628,-0.2224284458,-0.0114597175999,0.275536964298
112,-0.00609131155227,-0.417385037791,-0.00594897831391,0.564583567238
113,-0.0144390123081,-0.222180127017,0.00534269303085,0.27003239303
114,-0.0188826148484,-0.417377911054,0.0107433408914,0.564395634526
115,-0.0272301730695,-0.22240833105,0.022031253582,0.27511662327
116,-0.0316783396905,-0.0276075285884,0.0275335860474,-0.0105370049576
117,-0.0322304902623,-0.22311330712,0.0273228459482,0.290704361956
118,-0.0366927564047,-0.0283913920604,0.0331369331873,0.00676242531951
119,-0.0372605842459,-0.223972517776,0.0332721816937,0.30971353484
120,-0.0417400346014,-0.0293400330699,0.0394664523905,0.0277066087242
121,-0.0423268352628,-0.225005085338,0.040020584565,0.332575765815
122,-0.0468269369696,-0.0304749433292,0.0466720998813,0.0527771093749
123,-0.0474364358361,-0.226233963647,0.0477276420688,0.359812500027
124,-0.0519611151091,-0.0318218111616,0.0549238920694,0.0825529509815
125,-0.0525975513323,-0.227686313638,0.056574951089,0.392046184372
126,-0.0571512776051,-0.0334109714836,0.0644158747764,0.11772357731
127,-0.0578194970347,0.160731722438,0.0667703463226,-0.153961317161
128,-0.054604862586,-0.0352795797311,0.0636911199794,0.159016373437
129,-0.0553104541806,0.158875434546,0.0668714474482,-0.112913114848
130,-0.0521329454897,-0.0371378226114,0.0646131851512,0.200095174273
131,-0.0528757019419,0.157003356703,0.0686150886367,-0.0715258600525
132,-0.0497356348079,-0.0390317811742,0.0671845714356,0.241991924489
133,-0.0505162704313,0.155069366784,0.0720244099254,-0.0287655412746
134,-0.0474148830957,-0.0410075960679,0.0714490990999,0.285744242002
135,-0.048235035017,0.153026485745,0.0771639839399,0.0164238746209
136,-0.0451745053021,0.346961874397,0.0774924614324,-0.250949874101
137,-0.0382352678142,0.150823778048,0.0724734639503,0.0651343318681
138,-0.0352187922532,0.34483585641,0.0737761505877,-0.203831296959
139,-0.028322075125,0.148740625833,0.0696995246485,0.111181931181
140,-0.0253472626083,0.342798188911,0.0719231632721,-0.158722574663
141,-0.0184912988301,0.14672416172,0.0687487117789,0.155755268456
142,-0.0155568155957,0.340797873973,0.071863817148,-0.114471417162
143,-0.00874085811625,0.144723718846,0.0695743888047,0.19999046845
144,-0.00584638373933,0.338785177229,0.0735741981737,-0.0699591014852
145,0.000929319805238,0.532779421812,0.072175016144,-0.338551927421
146,0.0115849082415,0.336708635262,0.0654039775956,-0.0240104122205
147,0.0183190809467,0.530834632105,0.0649237693512,-0.295361759499
148,0.0289357735888,0.334850076105,0.0590165341612,0.0170699035163
149,0.0356327751109,0.529078182922,0.0593579322316,-0.256424247911
150,0.0462143387693,0.333161205315,0.0542294472734,0.0543746413925
151,0.0528775628757,0.527465337178,0.0553169401012,-0.220717455283
152,0.0634268696192,0.331598115142,0.0509025909955,0.0888888699518
153,0.070058831922,0.525954884861,0.0526803683946,-0.187309771764
154,0.0805779296193,0.330120349835,0.0489341729593,0.121515377436
155,0.087180336616,0.524508306062,0.051364480508,-0.155336616384
156,0.0976705027372,0.328689985556,0.0482577481803,0.153097995393
157,0.104244302448,0.523088927115,0.0513197080882,-0.123978672315
158,0.114706080991,0.327270740153,0.0488401346419,0.184443268562
159,0.121251495794,0.521661084422,0.0525290000132,-0.0924412572291
160,0.131684717482,0.325827115699,0.0506801748686,0.216340940917
161,0.138201259796,0.520189299435,0.0550069936869,-0.0599344094132
162,0.148605045785,0.324323570969,0.0538083054987,0.249583713852
163,0.155091517204,0.518637463114,0.0587999797757,-0.0256532644213
164,0.165464266466,0.322723720042,0.0582869144873,0.284986711091
165,0.171918740867,0.516968027367,0.0639866487091,0.0112417004504
166,0.182258101415,0.711116742843,0.0642114827181,-0.260586159782
167,0.196480436272,0.515139728554,0.0589997595225,0.0516387488766
168,0.206783230843,0.70936823887,0.0600325345,-0.221861218122
169,0.22097059562,0.513441885255,0.0555953101376,0.0891378621503
170,0.231239433325,0.707724697474,0.0573780673806,-0.185499497059
171,0.245393927275,0.511830729144,0.0536680774394,0.124717787382
172,0.255630541857,0.706144380214,0.056162433187,-0.150562192688
173,0.269753429462,0.510265072346,0.0531511893333,0.159296582686
174,0.279958730909,0.704587377034,0.056337120987,-0.11615615063
175,0.294050478449,0.508705361171,0.0540139979744,0.193755071688
176,0.304224585673,0.703014715585,0.0578890994081,-0.0814114935982
177,0.318284879984,0.507112760302,0.0562608695362,0.228959095569
178,0.32842713519,0.701387477962,0.0608400514476,-0.045459930338
179,0.34245488475,0.505448268687,0.0599308528408,0.26578104022
180,0.352563850123,0.699665927252,0.0652464736452,-0.0074132993111
181,0.366557168668,0.503671867661,0.065098207659,0.305121092832
182,0.376630606022,0.69780864608,0.0712006295156,0.0336580967638
183,0.390586778943,0.501741706323,0.0718737914509,0.347928648737
184,0.40062161307,0.695771694637,0.0788323644256,0.0787477951284
185,0.414537046962,0.88968023691,0.0804073203282,-0.188058979544
186,0.432330651701,0.693505467593,0.0766461407373,0.128866722064
187,0.446200761053,0.88745053714,0.0792234751786,-0.138684874999
188,0.463949771795,0.69128853672,0.0764497776786,0.177902565969
189,0.47777554253,0.885237930267,0.080007828998,-0.0897174284012
190,0.495480301135,0.689065755795,0.07821348043,0.227096739241
191,0.509261616251,0.882987886694,0.0827554152148,-0.0399258677093
192,0.526921373985,0.686782736988,0.0819568978606,0.277676985683
193,0.540657028725,0.880645653644,0.0875104375743,0.0119270499209
194,0.558269941798,0.684384778172,0.0877489785727,0.33088708999
195,0.571957637361,0.878155200062,0.0943667203725,0.0671148517939
196,0.589520741362,0.681815879906,0.0957090174084,0.388016149456
197,0.60315705896,0.875458232528,0.103469340397,0.126977471381
198,0.620666223611,1.06895743586,0.106008889825,-0.131353295062
199,0.642045372328,0.87248925611,0.103381823924,0.192802881594
200,0.65949515745,1.06599205741,0.107237881556,-0.0655614678259
201,0.680814998598,0.869509070593,0.105926652199,0.258937519034
202,0.69820518001,1.06297189132,0.11110540258,0.00145405166405
203,0.719464617837,0.866446389441,0.111134483613,0.327022506646
204,0.736793545625,1.05982512961,0.117674933746,0.0713501726507
205,0.757990048218,0.863229944318,0.119101937199,0.398720198662
206,0.775254647104,1.05647870074,0.127076341172,0.145833842419
207,0.796384221119,1.24957344414,0.129993018021,-0.104212816635
208,0.821375690002,1.05285137797,0.127908761688,0.226491009689
209,0.842432717561,1.24593536992,0.132438581882,-0.0232662528426
210,0.867351424959,1.0491872936,0.131973256825,0.308094642183
211,0.888335170831,1.24220608121,0.138135149669,0.0597717565287
212,0.913179292455,1.04540168844,0.139330584799,0.392649058613
213,0.934087326224,1.23829984868,0.147183565971,0.146936612401
214,0.958853323198,1.43104110004,0.150122298219,-0.0959334940539
215,0.987474145199,1.23412201285,0.148203628338,0.240093315121
216,1.01215658546,1.42685031664,0.153005494641,-0.00241755105998
217,1.04069359179,1.22990287258,0.15295714362,0.334360655137
218,1.06529164924,1.42255463203,0.159644356722,0.0935511300006
219,1.09374274188,1.61507113496,0.161515379322,-0.144815204213
220,1.12604416458,1.41804900348,0.158619075238,0.194150876224
221,1.15440514465,1.61058840109,0.162502092763,-0.0445939094955
222,1.18661691267,1.41355443019,0.161610214573,0.294628954712
223,1.21488800128,1.60604775194,0.167502793667,0.0569582561839
224,1.24700895631,1.40896959977,0.168641958791,0.397453938905
225,1.27518834831,1.60134788698,0.176591037569,0.162326293128
226,1.30721530605,1.79356005744,0.179837563431,-0.069859769673
227,1.3430865072,1.59637669095,0.178440368038,0.273732954177
228,1.37501404102,1.78856346963,0.183915027121,0.0422136875762
229,1.41078531041,1.59134593329,0.184759300873,0.386817665234
230,1.44261222908,1.78343052765,0.192495654178,0.157605271198
231,1.47828083963,1.97535018065,0.195647759601,-0.0687121715255
232,1.51778784324,1.77803992347,0.194273516171,0.278760953028
233,1.55334864171,1.96993660788,0.199848735232,0.0530886235216
234,1.59274737387,1.77259386434,0.200910507702,0.401576254136
235,1.62819925115,1.96438389707,0.208942032785,0.178349021075
236,1.6674869291,2.15599896594,0.212509013206,-0.0418394351955
237,0.0414054667378,0.208114794096,0.0218415123016,-0.274847802905
238,0.0455677626197,0.012688133326,0.0163445562435,0.0246431636428
239,0.0458215252862,-0.182664353075,0.0168374195164,0.322437839193
240,0.0421682382247,0.0122138361562,0.0232861763002,0.035111957597
241,0.0424125149479,-0.183234170893,0.0239884154522,0.33505000322
242,0.03874783153,0.0115383108279,0.0306894155166,0.0500272548781
243,0.0389785977466,-0.184009948291,0.0316899606141,0.352232794892
244,0.0352983987808,0.0106473628881,0.038734616512,0.0697087189196
245,0.0355113460385,-0.185007891428,0.0401287908904,0.374356591159
246,0.03181118821,0.00952174817213,0.0476159227135,0.094591739827
247,0.0320016231734,-0.186249184324,0.0495077575101,0.401909093312
248,0.0282766394869,0.00813687833715,0.0575459393763,0.125236594712
249,0.0284393770537,0.202389220564,0.0600506712706,-0.148750426641
250,0.032487161465,0.0064610547329,0.0570756627377,0.162256369815
251,0.0326163825596,0.200721444863,0.060320790134,-0.111888586983
252,0.0366308114569,0.0047893399804,0.0580830183944,0.19919860345
253,0.0367265982565,0.199034519383,0.0620669904634,-0.0746110118387
254,0.0407072886441,0.00308022185176,0.0605747702266,0.236990439955
255,0.0407688930812,0.197286804971,0.0653145790257,-0.0359870527058
256,0.0447146291806,0.00129198332651,0.0645948379716,0.27656715427
257,0.0447404688471,0.195435751192,0.070126181057,0.00493651746492
258,0.048649183871,0.389485575327,0.0702249114063,-0.264822602269
259,0.0564388953775,0.193435232273,0.0649284593609,0.049157246559
260,0.060307600023,0.387568982548,0.0659116042921,-0.22235422888
261,0.0680589796739,0.191569888509,0.0614645197145,0.0903700123076
262,0.0718903774441,0.385759444017,0.0632719199606,-0.18230508163
263,0.0796055663244,0.189791878542,0.059625818328,0.129647605178
264,0.0834014038953,0.38401124654,0.0622187704316,-0.143644122922
265,0.0910816288261,0.188055973916,0.0593458879732,0.168000555267
266,0.0948427483044,0.38228045498,0.0627058990785,-0.105385831208
267,0.102488357404,0.186318550153,0.0605981824543,0.206402774525
268,0.106214728407,0.380523960031,0.0647262379448,-0.0665656779783
269,0.113825207608,0.184536605552,0.0633949243853,0.245815983441
270,0.117515939719,0.378698529319,0.0683112440541,-0.0262162316644
271,0.125089910305,0.572777723489,0.0677869194208,-0.29658815516
272,0.136545464775,0.376758202623,0.0618551563176,0.0166799377693
273,0.144080628827,0.57094104486,0.062188755073,-0.255863465009
274,0.155499449725,0.374988862815,0.0570714857728,0.0557683272631
275,0.162999226981,0.569248027395,0.0581868523181,-0.218376089659
276,0.174384187529,0.373344656799,0.0538193305249,0.0920789356339
277,0.181851080665,0.567655552004,0.0556609092375,-0.18315014423
278,0.193204191705,0.371783167272,0.051997906353,0.12655927959
279,0.20063985505,0.566123134926,0.0545290919448,-0.14927617452
280,0.211962317749,0.370264461128,0.0515435684544,0.160098775997
281,0.219367606971,0.564612052197,0.0547455439743,-0.115888348086
282,0.230659848015,0.368750163755,0.0524277770126,0.193551486393
283,0.23803485129,0.56308446708,0.0562988067404,-0.0821427332545
284,0.249296540632,0.367202564696,0.0546559520753,0.227757706257
285,0.256640591926,0.561502566352,0.0592111062005,-0.0471962334449
286,0.267870643253,0.365583754196,0.0582671815316,0.263564868388
287,0.275182318337,0.559827706124,0.0635384788993,-0.0101857365772
288,0.286378872459,0.363854789711,0.0633347641678,0.301848206485
289,0.293655968254,0.558019567867,0.0693717282975,0.0297929572857
290,0.304816359611,0.752081650403,0.0699675874432,-0.24022108021
291,0.319857992619,0.556033579922,0.065163165839,0.0736852006666
292,0.330978664217,0.750163753184,0.0666368698523,-0.197747620329
293,0.345981939281,0.554155090125,0.0626819174458,0.115189581375
294,0.357065041084,0.748325505741,0.0649857090733,-0.157077635932
295,0.372031551198,0.552336226819,0.0618441563546,0.155378086469
296,0.383078275735,0.746520683378,0.064951718084,-0.11717115901
297,0.398008689402,0.550531130909,0.0626082949038,0.195275649342
298,0.409019312021,0.74470424082,0.0665138078906,-0.0770185464785
299,0.423913396837,0.548694937226,0.0649734369611,0.235885920876
300,0.434887295581,0.742831335957,0.0696911553786,-0.0356154732343
301,0.449743922301,0.546782789782,0.0689788459139,0.278216118371
302,0.460679578096,0.740856363236,0.0745431682813,0.0080617493755
303,0.475496705361,0.544748901592,0.0747044032688,0.323301440516
304,0.486391683393,0.738732009535,0.0811704320792,0.0550810010321
305,0.501166323584,0.54254567505,0.0822720520998,0.372229494548
306,0.512017237085,0.736408352376,0.0897166419908,0.106579776644
307,0.526745404132,0.930137729372,0.0918482375236,-0.156504243939
308,0.545348158719,0.733828963721,0.0887181526449,0.163683148017
309,0.560024737994,0.927576258043,0.0919918156052,-0.0997458837224
310,0.578576263155,0.731264546732,0.0899968979307,0.220484061025
311,0.593201554089,0.924992529536,0.0944065791513,-0.042508505747
312,0.61170140468,0.728652507912,0.0935564090363,0.278404399414
313,0.626274454838,0.92232392802,0.0991244970246,0.0166331944862
314,0.644720933399,0.725930442408,0.0994571609143,0.338872236289
315,0.659239542247,0.919506897744,0.10623460564,0.0791346967414
316,0.677629680202,0.723035106777,0.107817299575,0.40335520095
317,0.692090382337,0.916475935768,0.115884403594,0.146515732819
318,0.710419901053,1.1097641149,0.11881471825,-0.107478124694
319,0.732615183351,0.913157644171,0.116665155756,0.220201815631
320,0.750878336234,1.10643547796,0.121069192069,-0.0335223768542
321,0.773007045793,0.909804129342,0.120398744532,0.294773106099
322,0.79120312838,1.10302225366,0.126294206654,0.042355804102
323,0.813263573453,0.906336809344,0.127141322736,0.372066082076
324,0.83139030964,1.09944489964,0.134582644378,0.122020900646
325,0.853379207633,1.29240771552,0.13702306239,-0.125358037862
326,0.879227361944,1.09561591769,0.134515901633,0.207221708921
327,0.901139680297,1.28858356979,0.138660335812,-0.0401864548453
328,0.926911351693,1.09177374394,0.137856606715,0.292830458473
329,0.948746826572,1.28468851344,0.143713215884,0.0466052205311
330,0.974440596841,1.08782952646,0.144645320295,0.380955971939
331,0.99619718737,1.28063316451,0.152264439734,0.137148250908
332,1.02180985066,1.4732835012,0.155007404752,-0.103890883323
333,1.05127552068,1.27631909847,0.152929587085,0.233403330588
334,1.07680190265,1.46896284358,0.157597653697,-0.00740353356577
335,1.10618115953,1.27197300244,0.157449583026,0.330561485911
336,1.13162061957,1.46454431231,0.164060812744,0.0913767221014
337,1.16091150582,1.26749741916,0.165888347186,0.430995990856
338,1.1862614542,1.45992968471,0.174508267003,0.194857935555
339,1.2154600479,1.65218180499,0.178405425714,-0.038094942181
340,1.248503684,1.45500980189,0.177643526871,0.305142164299
341,1.27760388004,1.6472142348,0.183746370157,0.0733255821633
342,1.31054816473,1.44999871636,0.1852128818,0.417886954576
343,1.33954813906,1.64207950711,0.193570620891,0.188835283987
344,1.3723897292,1.83398129841,0.197347326571,-0.037086330323
345,1.40906935517,1.63665732801,0.196605599965,0.310798815955
346,1.44180250173,1.82851449704,0.202821576284,0.0859875581216
347,1.47837279167,1.63115032155,0.204541327446,0.435187057039
348,1.5109957981,1.82287872616,0.213245068587,0.213306245683
349,0.0206264034611,-0.181627523157,-0.0254694338575,0.262373706972
350,0.016993852998,-0.376376831903,-0.0202219597181,0.546915721953
351,0.00946631635992,-0.180976693916,-0.00928364527903,0.247930590351
352,0.00584678248161,-0.375964838843,-0.00432503347201,0.53767085138
353,-0.00167251429524,-0.180782348061,0.00642838355558,0.243628297627
354,-0.00528816125647,-0.375995526661,0.0113009495081,0.538331947037
355,-0.0128080717897,-0.181034260499,0.0220675884489,0.249231130122
356,-0.0164287569997,0.0137657090597,0.0270522110513,-0.0364103351201
357,-0.0161534428185,-0.181733520184,0.0263240043489,0.264683592305
358,-0.0197881132222,0.0130030080543,0.031617676195,-0.0195816349348
359,-0.0195280530611,-0.182557773004,0.0312260434963,0.282906973702
360,-0.0231792085212,0.0121051960069,0.0368841829704,0.000233830456463
361,-0.022937104601,-0.183525783564,0.0368888595795,0.304322205049
362,-0.0266076202723,0.0110515742536,0.0429753036805,0.0234975948845
363,-0.0263865887872,-0.184659492402,0.0434452555782,0.329423996435
364,-0.0300797786353,0.00981793005304,0.0500337355069,0.0507520125246
365,-0.0298834200342,-0.185984419597,0.0510487757573,0.358791770302
366,-0.0336031084262,0.00837606852041,0.0582246111634,0.0826326522884
367,-0.0334355870558,0.202617138864,0.0598772642092,-0.191126854136
368,-0.0293832442785,0.00669198099235,0.0560547271264,0.119827602532
369,-0.0292494046586,0.200967873531,0.0584512791771,-0.154657065012
370,-0.025230047188,0.00505983629396,0.0553581378768,0.155878028608
371,-0.0251288504621,0.199347282153,0.058475698449,-0.118839724245
372,-0.0211419048191,0.00343838018715,0.0560989039641,0.191703411964
373,-0.0210731372153,0.19771479822,0.0599329722034,-0.0827683534669
374,-0.0171188412509,0.00178721089514,0.0582776051341,0.228205109435
375,-0.017083097033,0.196030010007,0.0628417073228,-0.0455405330251
376,-0.0131624968329,6.58653814273e-05,0.0619308966623,0.266288770479
377,-0.0131611795253,0.194251760848,0.0672566720718,-0.00623561377697
378,-0.00927614430831,0.388347915565,0.0671319597963,-0.27696304685
379,-0.00150918599701,0.192335643706,0.0615926988593,0.0361150582179
380,0.00233752687711,0.386522740875,0.0623150000237,-0.236516446026
381,0.0100679816946,0.19056841698,0.0575846711031,0.07515328842
382,0.0138793500342,0.384819581527,0.0590877368715,-0.198819951777
383,0.0215757416647,0.188904465434,0.055111337836,0.111901551729
384,0.0253538309734,0.383195176583,0.0573493688706,-0.162897510929
385,0.0330177345051,0.187301128754,0.054091418652,0.147311952553
386,0.0367637570802,0.381608428315,0.0570376577031,-0.127827587403
387,0.0443959256465,0.185717735799,0.054481105955,0.182290593759
388,0.0481102803625,0.380019501156,0.0581269178302,-0.0927200951853
389,0.0557106703856,0.184114666598,0.0562725159265,0.217720555076
390,0.0593929637175,0.378388924943,0.060626927028,-0.0566941734673
391,0.0669607422164,0.182452446101,0.0594930435587,0.254483967867
392,0.0706097911384,0.376676707264,0.064582722916,-0.0188563560262
393,0.0781433252837,0.570815876427,0.0642055957955,-0.290483891276
394,0.0895596428123,0.374839965662,0.05839591797,0.021737749357
395,0.0970564421255,0.569077952629,0.0588306729571,-0.251963952535
396,0.108438001178,0.373167427224,0.0537913939064,0.05867968282
397,0.115901349723,0.567478499038,0.0549649875628,-0.216558300956
398,0.127250919703,0.371615623568,0.0506338215437,0.0929438964022
399,0.134683232175,0.565976648953,0.0524926994717,-0.183344013311
400,0.146002765154,0.37014442607,0.0488258192055,0.125425471717
401,0.153405653675,0.564534123368,0.0513343286398,-0.15146249225
402,0.164696336143,0.368716128443,0.0483050787948,0.156963233406
403,0.172070658711,0.56311438712,0.051444343463,-0.120097846089
404,0.183332946454,0.367294559991,0.0490423865412,0.188361266015
405,0.190678837654,0.561681813526,0.0528096118615,-0.0884563532943
406,0.201912473924,0.365844231458,0.0510404847956,0.220409303271
407,0.209229358553,0.560200860125,0.055448670861,-0.0557465908028
408,0.220433375756,0.364329510338,0.054333739045,0.253902443642
409,0.227719965963,0.558635253548,0.0594117879178,-0.0211598007086
410,0.238892671033,0.362713822024,0.0589885919036,0.289660624021
411,0.246146947474,0.556947181257,0.0647818043841,0.0161499268976
412,0.257285891099,0.7510831494,0.065104802922,-0.255410662045
413,0.272307554087,0.555094975505,0.0599965896811,0.057076070137
414,0.283409453597,0.749307650431,0.0611381110838,-0.216090367819
415,0.298395606606,0.553367379443,0.0568163037275,0.0952343194641
416,0.309462954195,0.747630920552,0.0587209901167,-0.178995785475
417,0.324415572606,0.551719965743,0.0551410744072,0.13161819518
418,0.335449971921,0.746010465076,0.0577734383108,-0.143171343468
419,0.350370181222,0.550110746186,0.0549100114415,0.167163913629
420,0.361372396146,0.744405463858,0.0582532897141,-0.107703476235
421,0.376260505423,0.548499211529,0.0560992201894,0.202774227838
422,0.387230489654,0.742775863404,0.0601547047462,-0.0716977898139
423,0.402086006922,0.546845401772,0.0587207489499,0.239341138219
424,0.413022914957,0.741081476064,0.0635075717142,-0.0342568240926
425,0.427844544478,0.545109009279,0.0628224352324,0.277767954248
426,0.438746724664,0.739281089982,0.0683777943174,0.00554204170152
427,0.453532346464,0.543248517505,0.0684886351514,0.318991161942
428,0.464397316814,0.737331594549,0.0748684583902,0.0486689883687
429,0.479143948705,0.541220384224,0.0758418381576,0.364002513544
430,0.489968356389,0.735187133257,0.0831218884285,0.0961648900217
431,0.504672099054,0.929025457005,0.0850451862289,-0.169179012229
432,0.523252608194,0.7327956765,0.0816616059843,0.1490750045
433,0.537908521724,0.926659063933,0.0846431060743,-0.11676917759
434,0.556441703003,0.730432742995,0.0823077225225,0.201371911295
435,0.571050357863,0.924286980876,0.0863351607484,-0.0642538860698
436,0.58953609748,0.728040114749,0.085050083027,0.254371028076
437,0.604096899775,0.921851225696,0.0901375035886,-0.0103202301179
438,0.622533924289,0.725559949249,0.0899310989862,0.309385933794
439,0.637045123274,0.919293148642,0.0961188176621,0.0463645892502
440,0.655430986247,0.722933721892,0.0970461094471,0.367759617741
441,0.669889660685,0.916552389137,0.104401301802,0.107184954156
442,0.688220708468,1.11003534762,0.106545000885,-0.15082099566
443,0.71042141542,0.913561861414,0.103528580972,0.173483063466
444,0.728692652648,1.10706147032,0.106998242241,-0.0848292081213
445,0.750833882055,0.910581407724,0.105301658079,0.239602918387
446,0.769045510209,1.10405381067,0.110093716446,-0.0180966867369
447,0.791126586423,0.907539297689,0.109731782712,0.307192683538
448,0.809277372376,1.10094050526,0.115875636382,0.0510321276012
449,0.831296182482,0.904364126028,0.116896278935,0.377910563249
450,0.849383465002,1.09764871592,0.124454490199,0.124251600454
451,0.871336439321,0.900983887098,0.126939522209,0.453462434252
452,0.889356117063,1.0941037538,0.136008770894,0.203333473056
453,0.911238192139,1.28704502793,0.140075440355,-0.0435423239944
454,0.936979092697,1.09022135788,0.139204593875,0.289849124997
455,0.958783519855,1.28311223805,0.145001576375,0.0441057499276
456,0.984445764616,1.08624081242,0.145883691373,0.378795073135
457,1.00617058086,1.27902240488,0.153459592836,0.135432158451
458,1.03175102896,1.47165131393,0.156168236005,-0.105175345719
459,1.06118405524,1.27467625674,0.154064729091,0.232418671324
460,1.08667758038,1.46729967399,0.158713102517,-0.00797810216854
461,1.11602357386,1.2702996506,0.158553540474,0.33027393711
462,1.14142956687,1.46285120088,0.165159019216,0.0914891365882
463,1.17068659088,1.26579455433,0.166988801948,0.431388153632
464,1.19600248197,1.45820713225,0.17561656502,0.195650906305
465,1.22516662462,1.6504391126,0.179529583146,-0.0368957006752
466,1.25817540687,1.45325769907,0.178791669133,0.306621332354
467,1.28724056085,1.64544137425,0.18492409578,0.0752262791142
468,1.32014938833,1.44821630536,0.186428621362,0.420078259128
469,1.34911371444,1.64027523645,0.194830186545,0.191474799549
470,1.38191921917,1.83215390727,0.198659682536,-0.0339794695562
471,1.41856229732,1.63481986932,0.197980093145,0.314222364303
472,1.4512586947,1.82665203158,0.204264540431,0.0899216813972
473,1.48779173533,1.62927728262,0.206062974059,0.43946583339
474,1.52037728099,1.82097826386,0.214852290727,0.218152469354
475,0.0342653606915,0.231655174783,0.020291669269,-0.259119985095
476,0.0388984641872,0.0362495067425,0.0151092695671,0.0398935164249
477,0.039623454322,-0.159085814416,0.0159071398956,0.337305010209
478,0.0364417380337,0.03580620113,0.0226532400998,0.0496804741948
479,0.0371578620563,-0.159633127735,0.0236468495836,0.349423733595
480,0.0339651995016,0.0351446681153,0.0306353242555,0.0642902478323
481,0.0346680928639,-0.160402815607,0.0319211292122,0.36647921636
482,0.0314600365518,0.0342513246977,0.0392507135394,0.0840299699193
483,0.0321450630457,-0.161410645601,0.0409313129378,0.388833621011
484,0.0289168501337,0.0331071496866,0.048707985358,0.109331757364
485,0.0295789931275,0.227498510512,0.0508946205053,-0.167594975796
486,0.0341289633377,0.0316863903045,0.0475427209894,0.140699442616
487,0.0347626911438,0.22609632521,0.0503567098417,-0.136613656766
488,0.039284617648,0.0302906221626,0.0476244367064,0.171521200134
489,0.0398904300912,0.224699728657,0.051054860709,-0.105765527347
490,0.0443844246644,0.0288847193934,0.0489395501621,0.202577870318
491,0.0449621190523,0.223273845142,0.0529911075684,-0.0742742199813
492,0.0494275959551,0.0274338319877,0.0515056231688,0.234645544092
493,0.0499762725948,0.221783496548,0.0561985340507,-0.0413563969195
494,0.0544119425258,0.0259025848778,0.0553714061123,0.268514781669
495,0.0549299942234,0.220192401555,0.0607417017456,-0.00620241310267
496,0.0593338422545,0.0242543007226,0.0606176534836,0.305009792586
497,0.0598189282689,0.218462380536,0.0667178493353,0.0320434000695
498,0.0641881758796,0.412567277072,0.0673587173367,-0.238865675927
499,0.0724395214211,0.216550946448,0.0625814038182,0.0742805395963
500,0.07677054035,0.410722496143,0.0640670146101,-0.198019700918
501,0.0849849902729,0.214745469914,0.0601066205917,0.114165561364
502,0.0892798996712,0.408956964451,0.062389931819,-0.158964894687
503,0.0974590389602,0.21299984715,0.0592106339253,0.152729636441
504,0.101719035903,0.407226194729,0.0622652266541,-0.120701574206
505,0.109863559798,0.211269976741,0.05985119517,0.190957301597
506,0.114088959333,0.405486905183,0.0636703412019,-0.0822607111004
507,0.122198697436,0.209512766823,0.0620251269799,0.229811286511
508,0.126388952773,0.403696068597,0.0666213527101,-0.0426798641237
509,0.134462874145,0.207685175226,0.0657677554277,0.270256427463
510,0.138616577649,0.401809970592,0.0711728839769,-0.000979458349702
511,0.146652777061,0.595842844765,0.0711532948099,-0.270384747738
512,0.158569633956,0.399781470674,0.0657455998552,0.0438645857229
513,0.16656526337,0.59390206392,0.0666228915696,-0.227371934106
514,0.178443304648,0.397894390034,0.0620754528875,0.0855599602678
515,0.186401192449,0.592074137354,0.0637866520929,-0.186910192622
516,0.198242675196,0.396100308902,0.0600484482404,0.125193289599
517,0.206164681374,0.590312884311,0.0625523140324,-0.147956874151
518,0.21797093906,0.39435354509,0.0595931765494,0.163785650779
519,0.225858009962,0.588574014303,0.062868889565,-0.109517872369
520,0.237629490248,0.392610139827,0.0606785321176,0.202318500618
521,0.245481693045,0.586814172647,0.0647249021299,-0.0706228922538
522,0.257217976498,0.390826869794,0.0633124442849,0.241758325382
523,0.265034513893,0.584989987717,0.0681476107925,-0.0303013987191
524,0.276734313648,0.388960294296,0.0675415828181,0.283080513405
525,0.284513519534,0.583057129868,0.0732031930862,0.0124412214884
526,0.296174662131,0.777057066022,0.073452017516,-0.256276816711
527,0.311715803451,0.580967463776,0.0683264811818,0.058639966795
528,0.323335152727,0.77504659528,0.0694992805177,-0.211727090842
529,0.338836084633,0.579003341442,0.0652647387008,0.102044230527
530,0.350416151461,0.773132200759,0.0673056233114,-0.169354897304
531,0.365878795477,0.577114658043,0.0639185253653,0.143778608293
532,0.377421088637,0.771265745616,0.0667940975312,-0.128074058035
533,0.39284640355,0.575253676591,0.0642326163705,0.184911281561
534,0.404351477082,0.769400580564,0.0679308420017,-0.0868371119628
535,0.419739488693,0.573373982714,0.0661940997624,0.226480918401
536,0.431206968347,0.767490549703,0.0707237181305,-0.0446093940607
537,0.446556779341,0.571429469428,0.0698315302493,0.269522476386
538,0.45798536873,0.765489001453,0.075221979777,-0.000343581874465
539,0.473295148759,0.569373365636,0.0752151081395,0.315092408573
540,0.484682616072,0.763347820109,0.0815169563109,0.04704576694
541,0.499949572474,0.567157325136,0.0824578716497,0.364293735842
542,0.511292718976,0.761016498474,0.0897437463666,0.098708147385
543,0.526513048946,0.954745283767,0.0917179093143,-0.164366346788
544,0.545607954621,0.758438235358,0.0884305823785,0.155783842321
545,0.560776719328,0.952190080221,0.0915462592249,-0.10774359562
546,0.579820520933,0.755883623923,0.0893913873125,0.212360080619
547,0.594938193411,0.949621342231,0.0936385889249,-0.0508400967282
548,0.613930620256,0.753290141967,0.0926217869903,0.269856077305
549,0.628996423095,0.946976683192,0.0980189085365,0.00776346021521
550,0.647935956759,0.750595604674,0.0981741777408,0.329692567952
551,0.662947868853,0.944192925208,0.1047680291,0.0695117721488
552,0.681831727357,0.747737117238,0.106158264543,0.393325171546
553,0.696786469702,0.941205072831,0.114024767974,0.135908870797
554,0.715610571158,1.13452481266,0.11674294539,-0.11873698814
555,0.738301067411,0.937940522002,0.114368205627,0.208376822157
556,0.757059877851,1.13125715132,0.11853574207,-0.0461527403605
557,0.779685020878,0.93465253369,0.117612687263,0.281452738546
558,0.798378071551,1.12791761393,0.123241742034,0.0280563145628
559,0.82093642383,0.931263581019,0.123802868325,0.356941454708
560,0.83956169545,1.12442792511,0.130941697419,0.10571773285
561,0.862050253953,1.31745401321,0.133056052076,-0.142955820341
562,0.888399334217,1.12070230412,0.130196935669,0.188566295304
563,0.910813380299,1.31374448711,0.133968261575,-0.0603763677767
564,0.937088270041,1.11698146918,0.13276073422,0.271392524754
565,0.959427899425,1.30998379335,0.138188584715,0.0233537012482
566,0.985627575292,1.1131784679,0.13865565874,0.356245776739
567,1.00789114465,1.30608476218,0.145780574275,0.110297675555
568,1.03401283989,1.10920731004,0.147986527786,0.445189223056
569,1.05619698609,1.30195965311,0.156890312247,0.202570302366
570,1.08223617916,1.49453056741,0.160941718294,-0.0368015605892
571,1.1121267905,1.29751053581,0.160205687082,0.302022157461
572,1.13807700122,1.49002974437,0.166246130232,0.0638405551524
573,1.16787759611,1.29296279161,0.167522941335,0.404017048704
574,1.19373685194,1.48536206788,0.175603282309,0.168479984688
575,1.2234440933,1.6775926078,0.178972882003,-0.0640690090666
576,1.25699594545,1.48041631625,0.177691501821,0.279308773087
577,1.28660427178,1.67261727794,0.183277677283,0.0475136429041
578,1.32005661734,1.47540504159,0.184227950141,0.391959994095
579,1.34956471817,1.66750005083,0.192067150023,0.162550590752
580,1.38291471919,1.85942792058,0.195318161838,-0.0639261824511
581,1.4201032776,1.66212009187,0.194039638189,0.283467260568
582,1.45334567944,1.85402159138,0.1997089834,0.0577073870152
583,1.49042611126,1.65668000453,0.200863131141,0.406161256917
584,1.52355971135,1.84847163154,0.208986356279,0.182915312317
585,1.56052914398,2.04008620403,0.212644662525,-0.037257025186
586,0.0133287507104,0.220216065613,0.0166317270533,-0.322858418991
587,0.0177330720227,0.0248612799914,0.0101745586735,-0.0249772657477
588,0.0182302976225,-0.170405093982,0.00967501335856,0.270898403261
589,0.0148221957429,-0.365663760385,0.0150929814238,0.566617104504
590,0.00750892053515,-0.17075675292,0.0264253235139,0.278727060327
591,0.00409378547675,0.023978451866,0.0319998647204,-0.00550562446361
592,0.00457335451407,-0.171587462061,0.0318897522311,0.29709942059
593,0.00114160527284,0.0230657196602,0.0378317406429,0.0146420989033
594,0.00160291966605,-0.172577789651,0.038124582621,0.319017256985
595,-0.00184863612697,0.0219810315899,0.0445049277607,0.0385970027354
596,-0.00140901549517,-0.173749930033,0.0452768678154,0.344982861416
597,-0.00488401409583,0.0206996795823,0.0521765250437,0.0669142129881
598,-0.00447002050418,-0.175130000456,0.0535148093035,0.375591919323
599,-0.0079726205133,0.019192614958,0.0610266476899,0.100251122896
600,-0.00758876821414,0.21338927,0.0630316701479,-0.172570900226
601,-0.00332098281414,0.0174244677941,0.0595802521433,0.139311614193
602,-0.00297249345826,0.211644711672,0.0623664844272,-0.133995588813
603,0.00126040077519,0.0156874408639,0.0596865726509,0.177692721636
604,0.00157414959246,0.209906701341,0.0632404270837,-0.0955799602157
605,0.00577228361929,0.0139380403275,0.0613288278793,0.216365711424
606,0.00605104442584,0.208132071989,0.0656561421078,-0.0563583275274
607,0.0102136858656,0.012133155628,0.0645289755573,0.256295641458
608,0.0104563489782,0.206277296085,0.0696548883864,-0.0153561137284
609,0.0145818948999,0.400334757302,0.0693477661119,-0.285274462954
610,0.0225885900459,0.204295817632,0.0636422768528,0.0284490554703
611,0.0266745063986,0.39845009511,0.0642112579622,-0.243494565666
612,0.0346435083008,0.2024725444,0.0593413666489,0.068731084262
613,0.0386929591888,0.396695737942,0.0607159883341,-0.204654779381
614,0.0466268739476,0.200760434918,0.0566228927465,0.106546150189
615,0.0506420826459,0.395027166762,0.0587538157503,-0.167748699517
616,0.0585426259812,0.199115577351,0.0553988417599,0.142875299215
617,0.0625249375282,0.393402170383,0.0582563477442,-0.131828571178
618,0.0703929809358,0.197496207804,0.0556197763207,0.178649544222
619,0.0743429050919,0.391779932715,0.0591927672051,-0.0959816036891
620,0.0821785037462,0.195861753608,0.0572731351313,0.214773486892
621,0.0860957388184,0.390120121246,0.0615686048692,-0.0593071910081
622,0.0938981412433,0.19417190808,0.060382461049,0.252147956043
623,0.0977815794049,0.388381983835,0.0654254201698,-0.0208945875943
624,0.105549219082,0.582507627253,0.065007528418,-0.292238707086
625,0.117199371627,0.386521926939,0.0591627542762,0.0202176434522
626,0.124929810165,0.580747713767,0.0595671071453,-0.253227604634
627,0.136544764441,0.384828032717,0.0545025550526,0.057633068288
628,0.144241325095,0.5791278707,0.0556552164184,-0.21736809673
629,0.155823882509,0.383256301434,0.0513078544838,0.0923385277324
630,0.163489008538,0.577606736985,0.0531546250384,-0.183725597947
631,0.175041143278,0.381766104911,0.0494801130795,0.125240551489
632,0.182676465376,0.576145560204,0.0519849241092,-0.151430564482
633,0.19419937658,0.380319261648,0.0489563128196,0.157188752053
634,0.201805761813,0.574707346074,0.0521000878607,-0.119656616667
635,0.213299908734,0.378879141617,0.0497069555273,0.188997607438
636,0.220877491567,0.573256015276,0.0534869076761,-0.0875997523995
637,0.232342611872,0.377409803426,0.0517349126281,0.221467104723
638,0.239890807941,0.571755570926,0.0561642547225,-0.0544582282652
639,0.251325919359,0.375875161259,0.0550750901572,0.255402701846
640,0.258843422584,0.570169275264,0.0601831441942,-0.0194126797098
641,0.27024680809,0.37423817844,0.0597948906,0.29163504285
642,0.277731571658,0.568458833798,0.065627591457,0.0183939451506
643,0.289100748334,0.372460088056,0.06599547036,0.331039833536
644,0.296549950095,0.566583589128,0.0726162670307,0.0598770531872
645,0.307881621878,0.760593302885,0.0738138080944,-0.209040152203
646,0.323093487936,0.564497773944,0.0696330050504,0.105983746775
647,0.334383443415,0.758556335163,0.0717526799859,-0.163943109828
648,0.349554570118,0.562484490368,0.0684738177893,0.150485074241
649,0.360804259925,0.756562526226,0.0714835192741,-0.119834196545
650,0.37593551045,0.560493070698,0.0690868353432,0.194517146987
651,0.387145371864,0.754562243995,0.072977178283,-0.0755967957958
652,0.402236616744,0.558474088386,0.0714652423671,0.239188811289
653,0.413406098511,0.752506207957,0.0762490185928,-0.0301235507771
654,0.42845622267,0.556378308028,0.0756465475773,0.285609006317
655,0.439583788831,0.750344464308,0.0813587277036,0.0177107189165
656,0.454590678117,0.554155688416,0.081712942082,0.334913540607
657,0.465673791886,0.748025391338,0.0884112128941,0.069076177472
658,0.480634299712,0.941775878753,0.0897927364435,-0.194455401732
659,0.499469817287,0.745491875198,0.0859036284089,0.125148065414
660,0.514379654791,0.939284822611,0.0884065897172,-0.139244837384
661,0.533165351244,0.743015208615,0.0856216929695,0.179967534216
662,0.548025655416,0.936814210397,0.0892210436538,-0.08452402136
663,0.566761939624,0.740534123439,0.0875305632266,0.234921235206
664,0.581572622093,0.93430351617,0.0922289879308,-0.0289189893964
665,0.600258692416,0.737988270747,0.0916506081428,0.291379243205
666,0.615018457831,0.931692025563,0.0974781930069,0.0289506385439
667,0.633652298342,0.735317114231,0.0980572057778,0.350727872466
668,0.648358640627,0.928917755569,0.105071763227,0.0905045675584
669,0.666936995738,1.12238901453,0.106881854578,-0.167267551431
670,0.689384776029,0.925912387206,0.10353650355,0.157129090319
671,0.707903023773,1.11941131745,0.106679085356,-0.101179614302
672,0.730291250122,0.922935065482,0.10465549307,0.223163561986
673,0.748749951431,1.11641761893,0.10911876431,-0.0347597619827
674,0.77107830381,0.919913789002,0.10842356907,0.290260199661
675,0.78947657959,1.11333611449,0.114228773063,0.0336445092742
676,0.81174330188,0.916777144022,0.114901663249,0.360071771558
677,0.83007884476,1.11009427517,0.12210309868,0.105714962406
678,0.852280730264,0.913453322835,0.124217397928,0.434289482033
679,0.87054979672,1.1066179141,0.132903187569,0.183201184607
680,0.892682155002,1.29961257576,0.136567211261,-0.0647792721481
681,0.918674406517,1.10282375797,0.135271625818,0.267681627978
682,0.940730881677,1.29578194165,0.140625258377,0.0205371196084
683,0.96664652051,1.09895269607,0.14103600077,0.354074198616
684,0.988625574431,1.29181704508,0.148117484742,0.108977387583
685,1.01446191533,1.48454029879,0.150297032494,-0.133554711395
686,1.04415272131,1.28762082631,0.147625938266,0.202515738999
687,1.06990513783,1.48035699879,0.151676253046,-0.0401994007977
688,1.09951227781,1.28342220977,0.15087226503,0.296233360792
689,1.12518072201,1.47610748683,0.156796932246,0.0546770610512
690,1.15470287174,1.27912543039,0.157890473467,0.392435077315
691,1.18028538035,1.47169571286,0.165739175013,0.15339984623
692,1.20971929461,1.66410459347,0.168807171937,-0.0827539744156
693,1.24300138648,1.46701560703,0.167152092449,0.258071272035
694,1.27234169862,1.65940589702,0.17231351789,0.0224221668613
695,1.30552981656,1.4622854676,0.172761961227,0.364133840805
696,1.33477552591,1.65458520071,0.180044638043,0.130517909935
697,1.36786722992,1.45740223038,0.182654996242,0.47415898457
698,1.39701527453,1.64953851239,0.192138175933,0.244151336062
699,1.43000604478,1.84147123556,0.197021202655,0.0176918181565
700,1.46683546949,1.64414956428,0.197375039018,0.365498470729
701,1.49971846078,1.835999566,0.204685008432,0.140962933919
702,1.5364384521,1.63862404134,0.207504267111,0.490603990568
703,1.56921093292,1.83030784904,0.217316346922,0.269815638316
704,-0.00614739990862,0.199534320064,-0.0103881877182,-0.343530856816
705,-0.00215671350733,0.00456168340122,-0.0172588048545,-0.0541417542109
706,-0.00206547983931,-0.190308603008,-0.0183416399387,0.233046305777
707,-0.00587165189946,-0.38516374308,-0.0136807138232,0.519887713213
708,-0.0135749267611,-0.189851896837,-0.00328295955891,0.222925355227
709,-0.0173719646978,-0.38492677128,0.00117554754562,0.514570901655
710,-0.0250705001234,-0.189821395172,0.0114669655787,0.222258650605
711,-0.0288669280268,-0.385105353609,0.0159121385908,0.518536543864
712,-0.036569035099,-0.190211003711,0.0262828694681,0.230909999443
713,-0.0403732551732,0.0045257125036,0.030901069457,-0.0533679151529
714,-0.0402827409232,-0.191025378756,0.0298337111539,0.248902156246
715,-0.0441032484983,0.00365809501427,0.0348117542788,-0.0342232954677
716,-0.044030086598,-0.191945327035,0.0341272883695,0.269236661571
717,-0.0478689931387,0.0026734029363,0.0395120216009,-0.0124899743871
718,-0.04781552508,-0.192992272818,0.0392622221131,0.292392976096
719,-0.0516753705363,0.0015485213057,0.0451100816351,0.0123468005914
720,-0.0516444001102,-0.194190365416,0.0453570176469,0.31891431316
721,-0.0555282074185,0.000257240256835,0.0517353039101,0.0408732664548
722,-0.0555230626134,-0.195566946542,0.0525527692392,0.349419930771
723,-0.0594344015442,-0.00123027090459,0.0595411678546,0.0737607662967
724,-0.0594590069623,0.192989783992,0.0610163831805,-0.199558301929
725,-0.0555992112825,-0.00294938153729,0.057025217142,0.111731192789
726,-0.0556581989132,0.191311037945,0.0592598409978,-0.162429452992
727,-0.0518319781543,-0.00460699002068,0.0560112519379,0.14834392964
728,-0.0519241179547,0.189670008023,0.0589781305307,-0.126155864733
729,-0.0481307177943,-0.00624509435635,0.056455013236,0.184535350472
730,-0.0482556196814,0.188025545926,0.0601457202455,-0.0898173946784
731,-0.0444951087629,-0.00790463173942,0.0583493723519,0.221218630239
732,-0.0446532013977,0.186336851752,0.0627737449567,-0.0525027597838
733,-0.0409264643626,-0.00962640657999,0.061723689761,0.259306529263
734,-0.0411189924942,0.184562564963,0.0669098203463,-0.01328699196
735,-0.037427741195,0.378664315402,0.0666440805071,-0.284131314124
736,-0.0298544548869,0.18265826751,0.0609614542246,0.0288039475892
737,-0.0262012895367,0.376855414475,0.0615375331764,-0.244039100875
738,-0.0186641812472,0.180910949895,0.0566567511589,0.0674018779513
739,-0.0150459622493,0.375176769289,0.0580047887179,-0.206881108336
740,-0.00754242686356,0.179275404168,0.0538671665512,0.103520583804
741,-0.00395691878019,0.373585662297,0.0559375782273,-0.171692748068
742,0.00351479446575,0.177709564142,0.0525037232659,0.138098917821
743,0.00706898574858,0.372041732763,0.0552657016224,-0.137568645732
744,0.0145098204038,0.176173552367,0.0525143287077,0.172024905683
745,0.0180332914512,0.370506092836,0.0559548268214,-0.103639938915
746,0.0254434133079,0.17462875491,0.0538820280431,0.20615836349
747,0.0289359884061,0.368940448315,0.0580051953129,-0.0690525219804
748,0.0363147973724,0.173036927609,0.0566241448733,0.241352510511
749,0.0397755359246,0.367306228469,0.0614511950835,-0.0329457983594
750,0.047121660494,0.561495572521,0.0607922791163,-0.305624724141
751,0.0583515719444,0.365562372477,0.0546797846335,0.00559408349766
752,0.0656628193939,0.559859235092,0.0547916663034,-0.26934777884
753,0.0768600040958,0.363999920045,0.0494047107266,0.0401009992062
754,0.0841400024967,0.558379877831,0.0502067307108,-0.236594097337
755,0.0953076000533,0.362577922621,0.045474848764,0.0714933207397
756,0.102559158506,0.557019421893,0.0469047151788,-0.206502408889
757,0.113699546944,0.36125921554,0.042774667001,0.100599878206
758,0.120924731254,0.555742864354,0.0447866645652,-0.178286837187
759,0.132039588541,0.360009562214,0.0412209278214,0.128181585096
760,0.139239779786,0.554517505703,0.0437845595233,-0.151216968378
761,0.1503301299,0.358796835645,0.0407602201558,0.154951219294
762,0.157506066613,0.553312194146,0.0438592445416,-0.124599290022
763,0.168572310496,0.357590238531,0.0413672587412,0.181591799912
764,0.175724115266,0.552096588852,0.0449990947394,-0.0977596187397
765,0.186766047043,0.356359556786,0.0430439023646,0.20877398531
766,0.193893238179,0.550840438163,0.0472193820708,-0.0700261312531
767,0.204910046942,0.355074438709,0.0458188594458,0.237172898567
768,0.212011535716,0.549512866101,0.0505623174171,-0.0407126159044
769,0.223001793038,0.353703691991,0.049748065099,0.267484766731
770,0.230075866878,0.548081660355,0.0550977604337,-0.00910156606316
771,0.241037500085,0.352214593054,0.0549157291124,0.300443740054
772,0.248081791946,0.546512557093,0.0609246039135,0.0255732579024
773,0.259012043088,0.740710281667,0.0614360690715,-0.247282123025
774,0.273826248722,0.544767171984,0.056490426611,0.0641288857185
775,0.284721592161,0.739035603339,0.0577730043254,-0.210209573923
776,0.299502304228,0.543137224098,0.0535688128469,0.100123557037
777,0.31036504871,0.737452151015,0.0555712839877,-0.175189026491
778,0.32511409173,0.541580743376,0.0520675034578,0.134494088635
779,0.335945706598,0.735919721958,0.0547573852305,-0.141318394844
780,0.350664101037,0.540058032615,0.0519310173337,0.168124427168
781,0.361465261689,0.734399671969,0.055293505877,-0.107734182727
782,0.376153255129,0.538530745305,0.0531388222225,0.201868196995
783,0.386923870035,0.732854041226,0.0571761861624,-0.073589843356
784,0.401580950859,0.536960994959,0.0557043892953,0.236570200383
785,0.412320170759,0.731244689244,0.0604357933029,-0.0380346921444
786,0.426945064543,0.535310495179,0.05967509946,0.273087336161
787,0.437651274447,0.729532439466,0.0651368461833,-0.000192930713901
788,0.452241923236,0.533539730432,0.065132987569,0.312309377487
789,0.462912717845,0.727676235185,0.0713791751187,0.0408576537016
790,0.477466242549,0.531607163103,0.0721963281928,0.355180014804
791,0.488098385811,0.725632314889,0.0792999284888,0.0861077332482
792,0.502611032109,0.529468493835,0.0810220831538,0.402718522095
793,0.513200401985,0.723353428107,0.0890764535957,0.136639617261
794,0.527667470547,0.917094074812,0.0918092459409,-0.126665313405
795,0.546009352044,0.720785000173,0.0892759396728,0.193512177713
796,0.560425052047,0.914523967472,0.0931461832271,-0.0697266650661
797,0.578715531396,0.718198594302,0.0917516499258,0.250830193154
798,0.593079503283,0.911898708425,0.0967682537889,-0.0115607035532
799,0.611317477451,0.715531745688,0.0965370397178,0.310017203413
800,0.625628112365,0.909155214437,0.102737383786,0.0492721170267
801,0.643811216654,0.712721623233,0.103722826127,0.372520541868
802,0.658065649118,0.906228917185,0.111173236964,0.114259438316
803,0.676190227462,1.09959684577,0.11345842573,-0.141384208317
804,0.698182164377,0.903048209516,0.110630741564,0.184828437506
805,0.716243128568,1.09642767251,0.114327310314,-0.0710083336808
806,0.738171682018,0.899868082609,0.11290714364,0.255445319826
807,0.75616904367,1.09321209634,0.118016050037,0.000400119098315
808,0.778033285597,0.896612721203,0.118024052419,0.327864151794
809,0.795965540021,1.0898739909,0.124581335455,0.0746075245943
810,0.817763019839,0.893206656866,0.126073485947,0.403854443546
811,0.835627152976,1.08633621093,0.134150574818,0.153426834176
812,0.857353877195,1.27930773184,0.137219111501,-0.0941076813998
813,0.882940031832,1.08251308357,0.135336957873,0.23852548774
814,0.904590293503,1.27546818366,0.140107467628,-0.00859285472784
815,0.930099657176,1.07864395237,0.139935610533,0.324807431337
816,0.951672536224,1.27152490911,0.14643175916,0.0793210495821
817,0.977103034406,1.07464039876,0.148018180152,0.414384482512
818,0.998595842381,1.26738838057,0.156305869802,0.171782585744
819,1.02394360999,1.45996801714,0.159741521517,-0.0677982536213
820,1.05314297034,1.26295934728,0.158385556444,0.270716936026
821,1.07840215728,1.45550840346,0.163799895165,0.0318794048126
822,1.10751232535,1.25846267049,0.164437483261,0.371433860921
823,1.13268157876,1.45091331631,0.17186616048,0.134779003428
824,1.16169984509,1.64321019912,0.174561740548,-0.0991364849257
825,1.19456404907,1.44607209145,0.17257901085,0.243137647808
826,1.2234854909,1.63836285082,0.177441763806,0.009472923073
827,1.25625274791,1.44119870493,0.177631222267,0.352470027835
828,1.28507672201,1.63340871497,0.184680622824,0.120641024163
829,1.31774489631,1.82547060663,0.187093443307,-0.108564796445
830,1.35425430844,1.62822909922,0.184922147378,0.236819508899
831,1.38681889043,1.82029398054,0.189658537556,0.0076918650971
832,1.42322477004,1.62302981682,0.189812374858,0.353708224812
833,1.45568536638,1.81501744722,0.196886539354,0.126369371081
834,1.49198571532,1.61769978973,0.199413926776,0.474139093208
835,1.52433971112,1.80952970903,0.20889670864,0.250336401667
836,1.5605303053,2.00115184989,0.213903436674,0.0301218305976
837,-0.0502359595963,0.14945806398,-0.0350167033262,-0.293223858306
838,-0.0472467983167,-0.0451475907648,-0.0408811804924,-0.0117871295667
839,-0.048149750132,-0.239660131267,-0.0411169230837,0.267722183286
840,-0.0529429527573,-0.43417189635,-0.035762479418,0.547158264691
841,-0.0616263906843,-0.238566236698,-0.0248193141242,0.243425455434
842,-0.0663977154183,-0.433325046891,-0.0199508050155,0.528177567782
843,-0.0750642163561,-0.237928167526,-0.00938725365985,0.229275430274
844,-0.0798227797066,-0.432914723913,-0.00480174505437,0.518982566166
845,-0.0884810741849,-0.237725500765,0.00557790626895,0.224790399139
846,-0.0932355842002,-0.432926726301,0.0100737142517,0.519227578417
847,-0.101894118726,-0.237948035286,0.0204582658201,0.229736003455
848,-0.106653079432,-0.433356269238,0.0250529858892,0.528801327399
849,-0.115320204817,-0.238595572834,0.0356290124372,0.24411676684
850,-0.120092116273,-0.0440001577823,0.040511347774,-0.0371183932942
851,-0.120972119429,-0.23967892577,0.0397689799081,0.268066013836
852,-0.125765697944,-0.045146431773,0.0451303001848,-0.0118130088861
853,-0.12666862658,-0.240885581708,0.0448940400071,0.294760568546
854,-0.131486338214,-0.046431465435,0.050789251378,0.016567697356
855,-0.132414967523,-0.242243616011,0.0511206053251,0.324832795589
856,-0.137259839843,-0.0478854047296,0.0576172612369,0.0486992480234
857,-0.138217547938,-0.24378417816,0.0585912461974,0.358989895944
858,-0.143093231501,-0.0495419628429,0.0657710441163,0.085342517679
859,-0.144084070758,0.144578564958,0.0674778944698,-0.185885952905
860,-0.141192499458,-0.0514407022599,0.0637601754117,0.127297255349
861,-0.142221313504,0.142712642655,0.0663061205187,-0.144608192161
862,-0.139367060651,-0.0532931371212,0.0634139566755,0.168234127801
863,-0.140432923393,0.140866497466,0.0667786392315,-0.10378872497
864,-0.137615593444,-0.0551457481323,0.0647028647321,0.209192647607
865,-0.138718508406,0.138994230246,0.0688867176843,-0.0623985909634
866,-0.135938623801,-0.0570443119189,0.067638745865,0.251198471144
867,-0.13707951004,0.137049842215,0.0726627152879,-0.0194063965301
868,-0.134338513195,0.331058574674,0.0722745873573,-0.28830753307
869,-0.127717341702,0.134984374119,0.0665084366959,0.0262661741557
870,-0.12501765422,0.329092619268,0.067033760179,-0.244713402961
871,-0.118435801834,0.133080447882,0.0621394921198,0.0683376813835
872,-0.115774192877,0.327259011342,0.0635062457475,-0.204110750185
873,-0.10922901265,0.131289067089,0.0594240307438,0.107909887675
874,-0.106603231308,0.325511345862,0.0615822284973,-0.165448916561
875,-0.100093004391,0.129564394853,0.058273250166,0.14600809219
876,-0.0975017164937,0.32380551566,0.0611934120098,-0.127736389176
877,-0.0910256061805,0.127862744961,0.0586386842263,0.183607275185
878,-0.0884683512813,0.322098772308,0.06231082973,-0.0900161045539
879,-0.0820263758351,0.126141594719,0.0605105076389,0.221656754772
880,-0.0795035439407,0.320348784414,0.0649436427344,-0.0513416373583
881,-0.0730965682525,0.514482304845,0.0639168099872,-0.322848027348
882,-0.0628069221556,0.31851118443,0.0574598494403,-0.0107128518373
883,-0.056436698467,0.512764019822,0.0572455924035,-0.284727321976
884,-0.0461814180705,0.316874320755,0.051551045964,0.0254469150977
885,-0.0398439316554,0.511220538679,0.052059984266,-0.250535844222
886,-0.0296195208819,0.315395305055,0.0470492673815,0.0581027684311
887,-0.0233116147807,0.509812184073,0.0482113227501,-0.219372452004
888,-0.0131153710993,0.31403541606,0.0438238737101,0.088120117144
889,-0.00683466277809,0.508502694723,0.0455862760529,-0.190420640043
890,0.00333539111638,0.312759230542,0.0417778632521,0.116287250644
891,0.00959057572722,0.507258448676,0.044103608265,-0.162927886771
892,0.0197357447007,0.31153378763,0.0408450505295,0.143335876568
893,0.0259664204533,0.506047699305,0.0437117680609,-0.136186535312
894,0.0360873744394,0.310327792205,0.0409880373546,0.169960063411
895,0.0422939302835,0.504839830302,0.0443872386229,-0.109515830985
896,0.0523907268896,0.309110854483,0.0421969220032,0.196834020734
897,0.0585729439792,0.503604627862,0.0461336024178,-0.0822447302661
898,0.0686450365365,0.307852758776,0.0444887078125,0.224629131869
899,0.074802091712,0.502311564222,0.0489812904499,-0.0536950967996
900,0.0848483229964,0.306522753362,0.0479073885139,0.254030634289
901,0.0909787780637,0.500929085533,0.0529880011997,-0.0231649037412
902,0.100997359774,0.695252675469,0.0525247031249,-0.298669995147
903,0.114902413284,0.499422892021,0.0465513032219,0.0101047384733
904,0.124890871124,0.693847391921,0.0467533979914,-0.267534935871
905,0.138767818963,0.498090455836,0.041402699274,0.0395200926874
906,0.148729628079,0.692594990765,0.0421931011277,-0.23981776681
907,0.162581527895,0.496896490491,0.0373967457915,0.0658698184731
908,0.172519457704,0.691462875019,0.038714142161,-0.214783623121
909,0.186348715205,0.495809448956,0.0344184696986,0.0898557264807
910,0.196264904184,0.690421587373,0.0362155842282,-0.191772558203
911,0.210073335931,0.494800770034,0.0323801330641,0.112111315707
912,0.219969351332,0.689444136931,0.0346223593783,-0.170182593599
913,0.233758234071,0.493844174483,0.0312187075063,0.133218457419
914,0.24363511756,0.688505357722,0.0338830766547,-0.149454231073
915,0.257405224715,0.492915007867,0.0308939920332,0.153722615855
916,0.267263524872,0.68758129744,0.0339684443503,-0.129056092908
917,0.281015150821,0.491989622674,0.0313873224922,0.174146974371
918,0.290854943274,0.686648630438,0.0348702619796,-0.108471363069
919,0.304587915883,0.491044790106,0.0327008347182,0.195005813861
920,0.314408811685,0.685684086669,0.0366009509954,-0.0871847104895
921,0.328122493419,0.4900571314,0.0348572567856,0.216817470807
922,0.337923636047,0.68466388731,0.0391936062018,-0.0646693831235
923,0.351616913793,0.489002558907,0.0379002185393,0.240117186439
924,0.361396964971,0.68356317788,0.0427025622681,-0.0403741662395
925,0.375068228529,0.487855718427,0.0418950789433,0.265470145999
926,0.384825342897,0.682355450577,0.0472044818633,-0.0137099002189
927,0.398472451909,0.48658942658,0.0469302838589,0.293484997092
928,0.40820424044,0.681011949717,0.0527999838007,0.0159647473766
929,0.421824479435,0.485174100649,0.0531192787483,0.324828126458
930,0.431527961448,0.679501057868,0.0596158412774,0.0493585617184
931,0.445117982605,0.483577184301,0.0606030125118,0.360238961685
932,0.454789526291,0.67778766672,0.0678077917455,0.0872644169835
933,0.468345279625,0.481762582026,0.0695530800852,0.400546543083
934,0.477980531266,0.675832547339,0.0775640109468,0.13057756285
935,0.491497182213,0.869762663721,0.0801755622038,-0.136662051282
936,0.508892435487,0.673589330758,0.0774423211782,0.180199055144
937,0.522364222102,0.86752259858,0.0810463022811,-0.0870836821598
938,0.539714674074,0.671338091242,0.0793046286379,0.230028664992
939,0.553141435899,0.86524250493,0.0839052019377,-0.0366226745233
940,0.570446285997,0.669023820472,0.0831727484473,0.281309108264
941,0.583826762407,0.862866967885,0.0887989306125,0.0159741248756
942,0.601084101764,0.666591164004,0.08911841311,0.335300419628
943,0.614415925044,0.8603392503,0.0958244215026,0.0719977460343
944,0.63162271005,0.663983441345,0.0972643764233,0.393309527594
945,0.644902378877,0.857600312346,0.105130566975,0.13280756258
946,0.662054385124,1.05107154047,0.107786718227,-0.124945527228
947,0.683075815934,0.854583741129,0.105287807682,0.199703705613
948,0.700167490756,1.04805458265,0.109281881795,-0.0579980422605
949,0.721128582409,0.851549208008,0.108121920949,0.26706665362
950,0.738159566569,1.04497528708,0.113463254022,0.0103477431814
951,0.759059072311,0.848424404996,0.113670208885,0.336564985313
952,0.776027560411,1.04176069968,0.120401508592,0.0817792088334
953,0.796862774405,0.845136994833,0.122037092768,0.40989215803
954,0.813765514301,1.03833654162,0.130234935929,0.158038072921
955,0.834532245134,1.23137672294,0.133395697387,-0.0908891068012
956,0.859159779592,1.03462003553,0.131577915251,0.24072606591
957,0.879852180303,1.22764098019,0.136392436569,-0.00773028980639
958,0.904404999907,1.03085334664,0.136237830773,0.324684963734
959,0.92502206684,1.2237990806,0.142731530048,0.0778782556978
960,0.949498048452,1.02695012681,0.144289095162,0.411969825389
961,0.970037050988,1.21976347896,0.15252849167,0.168029213825
962,0.994432320567,1.41241049366,0.155889075946,-0.0729166801527
963,1.02268053044,1.21543713522,0.154430742343,0.264606560913
964,1.04698927314,1.4080564118,0.159722873561,0.0243385025389
965,1.07515040138,1.21104729085,0.160209643612,0.362849823993
966,1.0993713472,1.40357271104,0.167466640092,0.124660354148
967,1.12744280142,1.59594903107,0.169959847175,-0.110861786992
968,1.15936178204,1.3988509021,0.167742611435,0.230253567229
969,1.18733880008,1.59122831292,0.17234768278,-0.005176903611
970,1.21916336634,1.39410751003,0.172244144708,0.336543485679
971,1.24704551654,1.58641338419,0.178975014421,0.102742862823
972,1.27877378422,1.38923819268,0.181029871678,0.446119525913
973,1.30655854808,1.5813994418,0.189952262196,0.215520429234
974,1.33818653691,1.77337005185,0.194262670781,-0.011745361978
975,1.37365393795,1.57606967055,0.194027763541,0.335393139794
976,1.40517533136,1.76797741777,0.200735626337,0.109619985815
977,1.44053487972,1.57062976178,0.202928026053,0.458318138114
978,1.47194747495,1.7623920494,0.212094388815,0.235829169459
